
---------------------------------------------------------insert command for address table ---------------------------------------------------------------

INSERT INTO Address VALUES (1, '163 Hillside Street','', 'Boston', 'MA', 12215, 'USA' )

INSERT INTO Address VALUES (2, '97 Stephen Street','',  'Chicago', 'IL', 60176, 'USA' )

INSERT INTO Address VALUES (3, '1163 Boylston Street','',  'Fremont', 'CA', 94536, 'USA' )

INSERT INTO Address VALUES (4, '75 Peterborough','',  'Sunnyvale', 'CA', 94043, 'USA' )

INSERT INTO Address VALUES (5, '143 Park Drive','',  'Dallas', 'TX', 75043, 'USA' )

INSERT INTO Address VALUES (6, '211 Park Drive','',  'Gainseville', 'CA', 32601, 'USA' )

INSERT INTO Address VALUES (7, '316 Anglewood','',  'Buffalo', 'NY', 14201, 'USA' )

INSERT INTO Address VALUES (8, '2316 Champion Street','',  'Raleigh', 'NC', 27513, 'USA' )

INSERT INTO Address VALUES (9, '298 Mass Ave.','',  'Seattle', 'WA', 98801, 'USA' )

INSERT INTO Address VALUES (10, '1216 Boulevard Street','',  'Jersey City', 'NJ', 17030, 'USA' )

INSERT INTO Address VALUES (11, '654 White Plains','',  'Rochester', 'NY', 14602, 'USA' )



---------------------------------------------------------insert command for actor table ---------------------------------------------------------------

INSERT INTO Actor VALUES (1, 'Robert De Niro')

INSERT INTO Actor VALUES (2, 'James Stewart')

INSERT INTO Actor VALUES (3, 'Clint Eastwood')

INSERT INTO Actor VALUES (4, 'Harrison Ford')

INSERT INTO Actor VALUES (5, 'Brad Pitt')

INSERT INTO Actor VALUES (6, 'Al Pacino')

INSERT INTO Actor VALUES (7, 'Charles Chaplin')

INSERT INTO Actor VALUES (8, 'Leonardo DiCaprio')

INSERT INTO Actor VALUES (9, 'Marlon Brando')

INSERT INTO Actor VALUES (10, 'Bruce Willis')

INSERT INTO Actor VALUES (11, 'Orlando Bloom')

INSERT INTO Actor VALUES (12, 'Jack Nicholson')

INSERT INTO Actor VALUES (13, 'Kevin Spacey')

INSERT INTO Actor VALUES (14, 'Christian Bale')

INSERT INTO Actor VALUES (15, 'Matt Damon')

INSERT INTO Actor VALUES (16, 'Ian McKellen')

INSERT INTO Actor VALUES (17, 'Tom Hanks')

INSERT INTO Actor VALUES (18, 'Russell Crowe')

INSERT INTO Actor VALUES (19, 'Viggo Mortensen')

INSERT INTO Actor VALUES (20, 'Tom Hardy')

INSERT INTO Actor VALUES (21, 'Aamir Khan')

INSERT INTO Actor VALUES (22, 'Jim Carrey')

INSERT INTO Actor VALUES (23, 'Robert Downey Jr.')

INSERT INTO Actor VALUES (24, 'Chris Evans')

INSERT INTO Actor VALUES (25, 'Chris Hemsworth')

INSERT INTO Actor VALUES (26, 'Tom HIddlestone')

INSERT INTO Actor VALUES (27, 'Jennifer Lawrence')

INSERT INTO Actor VALUES (28, 'Helen Mirren')

INSERT INTO Actor VALUES (30, 'Lin Shaye')

INSERT INTO Actor VALUES (31, 'Kathryn Hahn')

INSERT INTO Actor VALUES (32, 'Claire Forlani')

INSERT INTO Actor VALUES (33, 'Danielle Harris')

INSERT INTO Actor VALUES (34, 'Christina Hendricks')

INSERT INTO Actor VALUES (35, 'Jaime Murray')

INSERT INTO Actor VALUES (36, 'Allison Mack')

INSERT INTO Actor VALUES (37, 'Janeane Garofalo')

INSERT INTO Actor VALUES (38, 'Claudia Black')

INSERT INTO Actor VALUES (39, 'America Olivo')

INSERT INTO Actor VALUES (40, 'Elisabeth Shue')

INSERT INTO Actor VALUES (41, 'Scarlett Johansson')

INSERT INTO Actor VALUES (42, 'Roselyn Sanchez')

INSERT INTO Actor VALUES (43, 'Samantha Mathis')

INSERT INTO Actor VALUES (44, 'Melinda Clarke')

INSERT INTO Actor VALUES (45, 'Gigi Edgley')

INSERT INTO Actor VALUES (46, 'Marguerite Moreau')

INSERT INTO Actor VALUES (47, 'Cate Blanchett')

INSERT INTO Actor VALUES (48, 'Saoirse Ronan')

INSERT INTO Actor VALUES (49, 'Evangeline Lilly')

INSERT INTO Actor VALUES (50, 'Danielle Keaton')

INSERT INTO Actor VALUES (51, 'Shiri Appleby')

INSERT INTO Actor VALUES (52, 'Ming-Na Wen')

INSERT INTO Actor VALUES (53, 'Jennifer Aniston')


---------------------------------------------------------insert command for Customer table ---------------------------------------------------------------

INSERT INTO Customer VALUES (1, 'Gaurav Lohani', '10/17/1992', 1)

INSERT INTO Customer VALUES (2, 'Vidhi Patel', '05/02/1995', 2)

INSERT INTO Customer VALUES (3, 'Rachit Agrawal', '06/07/1996', 3)

INSERT INTO Customer VALUES (4, 'Devina Jaiswal', '02/20/1995', 4)

INSERT INTO Customer VALUES (5, 'Sumedh Telang', '06/04/1996', 5)

INSERT INTO Customer VALUES (6, 'Xioaing Shi', '01/27/1993', 6)

INSERT INTO Customer VALUES (7, 'Ranran He', '03/21/1990', 7)

INSERT INTO Customer VALUES (8, 'Yash Thakker', '04/19/1994', 8)

INSERT INTO Customer VALUES (9, 'Bhavya Patel', '07/11/1995', 9)

INSERT INTO Customer VALUES (10, 'Hao Wu', '08/09/1995', 10)

INSERT INTO Customer VALUES (11, 'Kailash Nadkar', '09/22/1992', 11)



---------------------------------------------------------insert command for Director table ---------------------------------------------------------------

INSERT INTO Director VALUES (1, 'Christopher Nolan', 8)

INSERT INTO Director VALUES (2, 'Stanley Kubrick', 7)

INSERT INTO Director VALUES (3, 'Martin Scorsese', 7)

INSERT INTO Director VALUES (4, 'Steven Spielberg', 7)

INSERT INTO Director VALUES (5, 'Alfred Hitchcock', 6)

INSERT INTO Director VALUES (6, 'Quentin Tarantino', 5)

INSERT INTO Director VALUES (7, 'Hayao Miyazaki', 5)

INSERT INTO Director VALUES (8, 'Charles Chaplin', 5)

INSERT INTO Director VALUES (9, 'Billy Wilder', 5)

INSERT INTO Director VALUES (10, 'Akira Kurosawa', 5)

INSERT INTO Director VALUES (11, 'Sergio Leone', 4)

INSERT INTO Director VALUES (12, 'James Cameron', 3)

INSERT INTO Director VALUES (13, 'Denis Villeneuve', 3)

INSERT INTO Director VALUES (14, 'David Fincher', 3)

INSERT INTO Director VALUES (15, 'Peter Jackson', 3)

INSERT INTO Director VALUES (16, 'Ethan Coen', 3)

INSERT INTO Director VALUES (17, 'Ridley Scott', 3)

INSERT INTO Director VALUES (18, 'Francis Ford Coppola', 3)

INSERT INTO Director VALUES (19, 'Clint Eastwood', 3)

INSERT INTO Director VALUES (20, 'Frank Capra', 3)

INSERT INTO Director VALUES (21, 'Ingmar Bergman', 3)

INSERT INTO Director VALUES (22, 'Sidney Lumet', 3)


---------------------------------------------------------insert command for Genre table ---------------------------------------------------------------

--Genre Table insert statements

Insert into Genre
values (1,'Action');

Insert into Genre
values (2,'Horror');
Insert into Genre
values (3,'Fantasy');
Insert into Genre
values (4,'Romance');
Insert into Genre
values (5,'Adventure');
Insert into Genre
values (6,'Thriller');
Insert into Genre
values (7,'Historical');
Insert into Genre
values (8,'Science Fiction');
Insert into Genre
values (9,'Animation');
Insert into Genre
values (10,'Comedy');
Insert into Genre
values (11,'Drama');
Insert into Genre
values (12,'Mystery');
Insert into Genre
values (13,'Romantic Comedy');
Insert into Genre
values (14,'Biographical');
Insert into Genre
values (15,'Documentary');
Insert into Genre
values (16,'Cyberpunk');
Insert into Genre
values (17,'Political Drama');


---------------------------------------------------------insert command for Language table ---------------------------------------------------------------

insert into Language (LanguageID, Language) values (1, 'English');
insert into Language (LanguageID, Language) values (2, 'French');
insert into Language (LanguageID, Language) values (3, 'Hindi');
insert into Language (LanguageID, Language) values (4, 'Spanish');
insert into Language (LanguageID, Language) values (5, 'Arabic');
insert into Language (LanguageID, Language) values (6, 'Mandarin');
insert into Language (LanguageID, Language) values (7, 'Persian');
insert into Language (LanguageID, Language) values (8, 'Japanese');
insert into Language (LanguageID, Language) values (9, 'Romanian');
insert into Language (LanguageID, Language) values (10, 'Oriya');


---------------------------------------------------------insert command for Location table ---------------------------------------------------------------

insert into Location values (1,'UnitedStates');
insert into Location values (2,'Canada');
insert into Location values (3,'India');
insert into Location values (4,'Germany');
insert into Location values (5,'Korea');
insert into Location values (6,'UnitedKingdom');
insert into Location values (7,'Italy');
insert into Location values (8,'France');
insert into Location values (9,'Spain');
insert into Location values (10,'Australia');
insert into Location values (11,'Africa');
insert into Location values (12,'Brazil');
insert into Location values (13,'Japan');
insert into Location values (14,'Turkey');
insert into Location values (15,'China');
insert into Location values (16,'NewZealand');
insert into Location values (17,'Netherland');
insert into Location values (18,'Portugal');
insert into Location values (19,'Mexico');
insert into Location values (20,'Sweden');




---------------------------------------------------------insert command for Payment table ---------------------------------------------------------------

--Deleted CustomerID and Rental ID from Payment Table
--Need to add Payment ID to Customer Table .

----------------Alter Table Payment Drop Column RentalID
Alter Table Payment Drop Column CustomerID


USE [Movie_Rental]
GO

INSERT INTO [dbo].[Payment]
           ([PaymentID]
           ,[Payment_Type]
           )
     VALUES
           (1
           ,'Cash')
GO


USE [Movie_Rental]
GO

INSERT INTO [dbo].[Payment]
           ([PaymentID]
           ,[Payment_Type]
           )
     VALUES
           (2
           ,'Debit Card')
GO

USE [Movie_Rental]
GO

INSERT INTO [dbo].[Payment]
           ([PaymentID]
           ,[Payment_Type]
           )
     VALUES
           (3
           ,'Credit Care')
GO

  

---------------------------------------------------------insert command for Rating table ---------------------------------------------------------------


insert into rating values('1','1','1');
insert into rating values('2','1','2');
insert into rating values('3','1','3');
insert into rating values('4','1','4');
insert into rating values('5','1','5');

insert into rating values('6','2','1');
insert into rating values('7','2','2');
insert into rating values('8','2','3');
insert into rating values('9','2','4');
insert into rating values('10','2','5');

insert into rating values('11','3','1');
insert into rating values('12','3','2');
insert into rating values('13','3','3');
insert into rating values('14','3','4');
insert into rating values('15','3','5');

insert into rating values('16','4','1');
insert into rating values('17','4','2');
insert into rating values('18','4','3');
insert into rating values('19','4','4');
insert into rating values('20','4','5');

insert into rating values('21','5','1');
insert into rating values('22','5','2');
insert into rating values('23','5','3');
insert into rating values('24','5','4');
insert into rating values('25','5','5');

  

---------------------------------------------------------insert command for Rental table ---------------------------------------------------------------

-------------------------------------------------------------Insert Data To Rental---------------------------------------------------------------------------
insert into Rental (RentalID, RentalDate, DueDate, ReturnDate, PaymentID, MovieID, CustomerID) values (1, '11/13/2017', '12/13/2017', '12/15/2017', 3, 203, 1);
insert into Rental (RentalID, RentalDate, DueDate, ReturnDate, PaymentID, MovieID, CustomerID) values (2, '10/02/2016', '11/02/2016', '11/10/2016', 3, 305, 4);
insert into Rental (RentalID, RentalDate, DueDate, ReturnDate, PaymentID, MovieID, CustomerID) values (3, '01/17/2016', '02/18/2016', '02/19/2016', 1, 159, 5);
insert into Rental (RentalID, RentalDate, DueDate, ReturnDate, PaymentID, MovieID, CustomerID) values (4, '10/04/2018', '11/05/2018', '11/20/2018', 1, 285, 4);
insert into Rental (RentalID, RentalDate, DueDate, ReturnDate, PaymentID, MovieID, CustomerID) values (5, '12/10/2018', '01/11/2019', '01/24/2019', 1, 391, 5);
insert into Rental (RentalID, RentalDate, DueDate, ReturnDate, PaymentID, MovieID, CustomerID) values (6, '10/22/2019', '11/23/2019', '11/29/2019', 3, 295, 2);
insert into Rental (RentalID, RentalDate, DueDate, ReturnDate, PaymentID, MovieID, CustomerID) values (7, '01/11/2018', '02/12/2018', '02/17/2018', 1, 24, 4);
insert into Rental (RentalID, RentalDate, DueDate, ReturnDate, PaymentID, MovieID, CustomerID) values (8, '06/09/2016', '07/09/2016', '07/14/2016', 3, 161, 5);
insert into Rental (RentalID, RentalDate, DueDate, ReturnDate, PaymentID, MovieID, CustomerID) values (9, '08/16/2016', '09/16/2016', '09/28/2016', 2, 243, 9);
insert into Rental (RentalID, RentalDate, DueDate, ReturnDate, PaymentID, MovieID, CustomerID) values (10, '08/29/2016', '09/29/2016', '10/04/2016', 1, 207, 1);
insert into Rental (RentalID, RentalDate, DueDate, ReturnDate, PaymentID, MovieID, CustomerID) values (11, '05/01/2018', '05/01/2018', '05/10/2018', 1, 463, 1);
insert into Rental (RentalID, RentalDate, DueDate, ReturnDate, PaymentID, MovieID, CustomerID) values (12, '09/08/2019', '10/08/2019', '10/19/2019', 3, 104, 3);
insert into Rental (RentalID, RentalDate, DueDate, ReturnDate, PaymentID, MovieID, CustomerID) values (13, '08/30/2019', '09/30/2019', '10/08/2019', 3, 108, 1);
insert into Rental (RentalID, RentalDate, DueDate, ReturnDate, PaymentID, MovieID, CustomerID) values (14, '10/04/2017', '11/04/2017', '11/10/2017', 1, 299, 5);
insert into Rental (RentalID, RentalDate, DueDate, ReturnDate, PaymentID, MovieID, CustomerID) values (15, '06/03/2016', '07/03/2016', '07/18/2016', 3, 155, 10);
insert into Rental (RentalID, RentalDate, DueDate, ReturnDate, PaymentID, MovieID, CustomerID) values (16, '09/06/2016', '10/06/2016', '10/21/2016', 2, 154, 1);
insert into Rental (RentalID, RentalDate, DueDate, ReturnDate, PaymentID, MovieID, CustomerID) values (17, '04/26/2017', '05/26/2017', '06/03/2017', 3, 217, 10);
insert into Rental (RentalID, RentalDate, DueDate, ReturnDate, PaymentID, MovieID, CustomerID) values (18, '07/21/2019', '08/21/2019', '08/22/2019', 2, 60, 5);
insert into Rental (RentalID, RentalDate, DueDate, ReturnDate, PaymentID, MovieID, CustomerID) values (19, '11/23/2016', '12/23/2016', '12/24/2016', 2, 278, 6);
insert into Rental (RentalID, RentalDate, DueDate, ReturnDate, PaymentID, MovieID, CustomerID) values (20, '04/20/2019', '05/20/2019', '05/28/2019', 1, 5, 11);
insert into Rental (RentalID, RentalDate, DueDate, ReturnDate, PaymentID, MovieID, CustomerID) values (21, '03/16/2016', '04/16/2016', '04/21/2016', 1, 271, 7);
insert into Rental (RentalID, RentalDate, DueDate, ReturnDate, PaymentID, MovieID, CustomerID) values (22, '12/17/2017', '01/17/2018', '01/26/2019', 3, 426, 5);
insert into Rental (RentalID, RentalDate, DueDate, ReturnDate, PaymentID, MovieID, CustomerID) values (23, '03/24/2018', '04/24/2018', '04/30/2018', 2, 494, 9);
insert into Rental (RentalID, RentalDate, DueDate, ReturnDate, PaymentID, MovieID, CustomerID) values (24, '08/25/2017', '09/25/2017', '10/10/2017', 1, 341, 7);
insert into Rental (RentalID, RentalDate, DueDate, ReturnDate, PaymentID, MovieID, CustomerID) values (25, '06/28/2018', '07/28/2018', '08/03/2018', 2, 340, 9);
insert into Rental (RentalID, RentalDate, DueDate, ReturnDate, PaymentID, MovieID, CustomerID) values (26, '04/06/2019', '05/06/2019', '05/13/3019', 3, 125, 5);
insert into Rental (RentalID, RentalDate, DueDate, ReturnDate, PaymentID, MovieID, CustomerID) values (27, '09/15/2019', '10/15/2019', '10/25/2019', 3, 402, 4);
insert into Rental (RentalID, RentalDate, DueDate, ReturnDate, PaymentID, MovieID, CustomerID) values (28, '01/08/2018', '02/08/2018', '02/18/2018', 3, 307, 1);
insert into Rental (RentalID, RentalDate, DueDate, ReturnDate, PaymentID, MovieID, CustomerID) values (29, '08/09/2018', '09/09/2018', '09/21/2018', 2, 248, 4);
insert into Rental (RentalID, RentalDate, DueDate, ReturnDate, PaymentID, MovieID, CustomerID) values (30, '06/28/2018', '07/28/2018', '08/08/2018', 3, 336, 1);
insert into Rental (RentalID, RentalDate, DueDate, ReturnDate, PaymentID, MovieID, CustomerID) values (31, '01/03/2019', '02/03/2019', '02/06/2019', 2, 258, 2);
insert into Rental (RentalID, RentalDate, DueDate, ReturnDate, PaymentID, MovieID, CustomerID) values (32, '01/10/2019', '01/11/2019', '01/12/2019', 1, 147, 1);
insert into Rental (RentalID, RentalDate, DueDate, ReturnDate, PaymentID, MovieID, CustomerID) values (33, '10/10/2017', '11/10/2017', '11/20/2017', 1, 425, 10);
insert into Rental (RentalID, RentalDate, DueDate, ReturnDate, PaymentID, MovieID, CustomerID) values (34, '03/29/2016', '04/29/2016', '05/07/2016', 3, 436, 10);
insert into Rental (RentalID, RentalDate, DueDate, ReturnDate, PaymentID, MovieID, CustomerID) values (35, '01/26/2018', '02/26/2018', '03/03/2018', 1, 284, 11);
insert into Rental (RentalID, RentalDate, DueDate, ReturnDate, PaymentID, MovieID, CustomerID) values (36, '09/21/2016', '10/21/2016', '10/22/2016', 2, 88, 9);
insert into Rental (RentalID, RentalDate, DueDate, ReturnDate, PaymentID, MovieID, CustomerID) values (37, '05/29/2016', '06/29/2016', '07/01/2016', 1, 390, 9);
insert into Rental (RentalID, RentalDate, DueDate, ReturnDate, PaymentID, MovieID, CustomerID) values (38, '06/07/2019', '07/07/2019', '07/17/2019', 1, 68, 4);
insert into Rental (RentalID, RentalDate, DueDate, ReturnDate, PaymentID, MovieID, CustomerID) values (39, '05/26/2019', '06/26/2019', '07/03/2019', 3, 300, 3);
insert into Rental (RentalID, RentalDate, DueDate, ReturnDate, PaymentID, MovieID, CustomerID) values (40, '08/07/2016', '09/07/2016', '09/15/2016', 3, 188, 4);
insert into Rental (RentalID, RentalDate, DueDate, ReturnDate, PaymentID, MovieID, CustomerID) values (41, '02/03/2016', '03/03/2016', '03/08/2016', 1, 105, 6);
insert into Rental (RentalID, RentalDate, DueDate, ReturnDate, PaymentID, MovieID, CustomerID) values (42, '08/13/2019', '09/13/2019', '09/14/2019', 1, 245, 8);
insert into Rental (RentalID, RentalDate, DueDate, ReturnDate, PaymentID, MovieID, CustomerID) values (43, '12/16/2017', '01/16/2018', '01/26/2018', 3, 327, 7);
insert into Rental (RentalID, RentalDate, DueDate, ReturnDate, PaymentID, MovieID, CustomerID) values (44, '01/10/2018', '02/10/2018', '02/13/2018',3, 292, 10);
insert into Rental (RentalID, RentalDate, DueDate, ReturnDate, PaymentID, MovieID, CustomerID) values (45, '06/30/2017', '07/30/2017', '08/03/2017', 1, 154, 11);
insert into Rental (RentalID, RentalDate, DueDate, ReturnDate, PaymentID, MovieID, CustomerID) values (46, '09/03/2018', '10/03/2018', '10/13/2018', 3, 181, 1);
insert into Rental (RentalID, RentalDate, DueDate, ReturnDate, PaymentID, MovieID, CustomerID) values (47, '02/04/2018', '03/04/2018', '03/14/2018', 3, 75, 3);
insert into Rental (RentalID, RentalDate, DueDate, ReturnDate, PaymentID, MovieID, CustomerID) values (48, '01/20/2018', '02/20/2018', '02/21/2018', 2, 2, 7);
insert into Rental (RentalID, RentalDate, DueDate, ReturnDate, PaymentID, MovieID, CustomerID) values (49, '03/25/2019', '04/25/2019', '05/03/2019', 3, 213, 5);
insert into Rental (RentalID, RentalDate, DueDate, ReturnDate, PaymentID, MovieID, CustomerID) values (50, '05/15/2016', '06/15/2016', '06/27/2016', 3, 133, 7);
insert into Rental (RentalID, RentalDate, DueDate, ReturnDate, PaymentID, MovieID, CustomerID) values (51, '06/19/2018', '07/19/2018', '07/29/2018', 2, 455, 8);
insert into Rental (RentalID, RentalDate, DueDate, PaymentID, MovieID, CustomerID) values (52, '05/23/2019', '06/23/2019', 3, 465, 9);
insert into Rental (RentalID, RentalDate, DueDate, PaymentID, MovieID, CustomerID) values (53, '10/09/2017', '11/09/2017', 1, 348, 3);
insert into Rental (RentalID, RentalDate, DueDate, PaymentID, MovieID, CustomerID) values (54, '12/07/2016', '01/07/2017', 3, 92, 9);
insert into Rental (RentalID, RentalDate, DueDate, PaymentID, MovieID, CustomerID) values (55, '10/18/2016', '11/18/2016', 2, 261, 2);
insert into Rental (RentalID, RentalDate, DueDate, PaymentID, MovieID, CustomerID) values (56, '11/02/2017', '12/02/2017', 1, 25, 6);
insert into Rental (RentalID, RentalDate, DueDate, PaymentID, MovieID, CustomerID) values (57, '02/18/2017', '03/18/2017', 2, 87, 5);
insert into Rental (RentalID, RentalDate, DueDate, PaymentID, MovieID, CustomerID) values (58, '06/13/2016', '07/13/2016', 3, 261, 5);
insert into Rental (RentalID, RentalDate, DueDate, PaymentID, MovieID, CustomerID) values (59, '10/18/2017', '11/18/2017', 2, 198, 3);
insert into Rental (RentalID, RentalDate, DueDate, PaymentID, MovieID, CustomerID) values (60, '03/27/2016', '04/27/2016', 1, 377, 1);
insert into Rental (RentalID, RentalDate, DueDate, PaymentID, MovieID, CustomerID) values (61, '04/12/2019', '05/12/2019', 1, 42, 5);
insert into Rental (RentalID, RentalDate, DueDate, PaymentID, MovieID, CustomerID) values (62, '12/28/2016', '01/28/2017', 1, 252, 4);
insert into Rental (RentalID, RentalDate, DueDate, PaymentID, MovieID, CustomerID) values (63, '06/11/2016', '07/11/2016', 1, 415, 7);
insert into Rental (RentalID, RentalDate, DueDate, PaymentID, MovieID, CustomerID) values (64, '07/21/2017', '08/21/2017', 3, 419, 2);
insert into Rental (RentalID, RentalDate, DueDate, PaymentID, MovieID, CustomerID) values (65, '10/29/2017', '11/29/2017', 3, 330, 10);
insert into Rental (RentalID, RentalDate, DueDate, PaymentID, MovieID, CustomerID) values (66, '01/15/2019', '02/15/2019', 1, 162, 2);
insert into Rental (RentalID, RentalDate, DueDate, PaymentID, MovieID, CustomerID) values (67, '01/25/2017', '02/25/2017', 1, 300, 6);
insert into Rental (RentalID, RentalDate, DueDate, PaymentID, MovieID, CustomerID) values (68, '10/30/2016', '11/30/2016', 3, 362, 8);
insert into Rental (RentalID, RentalDate, DueDate, PaymentID, MovieID, CustomerID) values (69, '01/15/2016', '02/15/2016', 2, 82, 7);
insert into Rental (RentalID, RentalDate, DueDate, PaymentID, MovieID, CustomerID) values (70, '12/28/2016', '01/28/2017', 3, 59, 5);
insert into Rental (RentalID, RentalDate, DueDate, PaymentID, MovieID, CustomerID) values (71, '09/30/2016', '10/30/2016', 3, 364, 5);
insert into Rental (RentalID, RentalDate, DueDate, PaymentID, MovieID, CustomerID) values (72, '02/13/2018', '03/13/2018', 1, 227, 3);
insert into Rental (RentalID, RentalDate, DueDate, PaymentID, MovieID, CustomerID) values (73, '06/10/2017', '07/10/2017', 1, 211, 7);
insert into Rental (RentalID, RentalDate, DueDate, PaymentID, MovieID, CustomerID) values (74, '01/21/2018', '02/21/2018', 2, 50, 6);
insert into Rental (RentalID, RentalDate, DueDate, PaymentID, MovieID, CustomerID) values (75, '01/26/2017', '02/26/2017', 3, 229, 9);
insert into Rental (RentalID, RentalDate, DueDate, PaymentID, MovieID, CustomerID) values (76, '07/01/2016', '08/01/2016', 2, 364, 4);
insert into Rental (RentalID, RentalDate, DueDate, PaymentID, MovieID, CustomerID) values (77, '03/16/2016', '04/16/2016', 2, 431, 10);
insert into Rental (RentalID, RentalDate, DueDate, PaymentID, MovieID, CustomerID) values (78, '06/02/2019', '07/02/2019', 3, 423, 5);
insert into Rental (RentalID, RentalDate, DueDate, PaymentID, MovieID, CustomerID) values (79, '08/09/2019', '09/09/2019', 3, 278, 8);
insert into Rental (RentalID, RentalDate, DueDate, PaymentID, MovieID, CustomerID) values (80, '03/21/2017', '04/21/2017', 2, 113, 1);
insert into Rental (RentalID, RentalDate, DueDate, PaymentID, MovieID, CustomerID) values (81, '03/19/2016', '04/19/2016', 1, 75, 9);
insert into Rental (RentalID, RentalDate, DueDate, PaymentID, MovieID, CustomerID) values (82, '08/07/2016', '09/07/2016', 3, 460, 3);
insert into Rental (RentalID, RentalDate, DueDate, PaymentID, MovieID, CustomerID) values (83, '06/13/2018', '07/13/2018', 1, 138, 6);
insert into Rental (RentalID, RentalDate, DueDate, PaymentID, MovieID, CustomerID) values (84, '04/09/2018', '05/09/2018', 3, 50, 2);
insert into Rental (RentalID, RentalDate, DueDate, PaymentID, MovieID, CustomerID) values (85, '07/09/2018', '08/09/2018', 3, 200, 5);
insert into Rental (RentalID, RentalDate, DueDate, PaymentID, MovieID, CustomerID) values (86, '08/04/2016', '09/04/2016', 1, 228, 6);
insert into Rental (RentalID, RentalDate, DueDate, PaymentID, MovieID, CustomerID) values (87, '02/16/2016', '03/16/2016', 3, 476, 5);
insert into Rental (RentalID, RentalDate, DueDate, PaymentID, MovieID, CustomerID) values (88, '03/07/2017', '04/07/2017', 3, 481, 5);
insert into Rental (RentalID, RentalDate, DueDate, PaymentID, MovieID, CustomerID) values (89, '09/06/2016', '10/06/2016', 1, 395, 3);
insert into Rental (RentalID, RentalDate, DueDate, PaymentID, MovieID, CustomerID) values (90, '11/12/2016', '12/12/2016', 1, 373, 4);
insert into Rental (RentalID, RentalDate, DueDate, PaymentID, MovieID, CustomerID) values (91, '08/20/2016', '09/20/2016', 3, 310, 5);
insert into Rental (RentalID, RentalDate, DueDate, PaymentID, MovieID, CustomerID) values (92, '05/25/2019', '06/25/2019', 1, 110, 10);
insert into Rental (RentalID, RentalDate, DueDate, PaymentID, MovieID, CustomerID) values (93, '04/15/2016', '05/15/2016', 1, 383, 7);
insert into Rental (RentalID, RentalDate, DueDate, PaymentID, MovieID, CustomerID) values (94, '05/03/2016', '06/03/2016', 1, 128, 6);
insert into Rental (RentalID, RentalDate, DueDate, PaymentID, MovieID, CustomerID) values (95, '06/08/2017', '07/08/2017', 2, 35, 8);
insert into Rental (RentalID, RentalDate, DueDate, PaymentID, MovieID, CustomerID) values (96, '07/10/2018', '08/10/2018', 2, 382, 5);
insert into Rental (RentalID, RentalDate, DueDate, PaymentID, MovieID, CustomerID) values (97, '07/21/2017', '08/21/2017', 3, 445, 9);
insert into Rental (RentalID, RentalDate, DueDate, PaymentID, MovieID, CustomerID) values (98, '08/14/2018', '09/14/2018', 2, 475, 2);
insert into Rental (RentalID, RentalDate, DueDate, PaymentID, MovieID, CustomerID) values (99, '10/17/2017', '11/17/2017', 1, 284, 5);
insert into Rental (RentalID, RentalDate, DueDate, PaymentID, MovieID, CustomerID) values (100, '01/29/2016', '02/29/2016', 1, 80, 6);
insert into Rental (RentalID, RentalDate, DueDate, PaymentID, MovieID, CustomerID) values (101, '12/25/2018', '12/25/2018', 1, 448, 9);
insert into Rental (RentalID, RentalDate, DueDate, ReturnDate, PaymentID, MovieID, CustomerID) values (102, '11/21/2016', '12/21/2016', '12/21/2016', 1, 81, 2);
insert into Rental (RentalID, RentalDate, DueDate, ReturnDate, PaymentID, MovieID, CustomerID) values (103, '05/04/2016', '06/04/2016', '06/04/2016', 2, 176, 5);
insert into Rental (RentalID, RentalDate, DueDate, ReturnDate, PaymentID, MovieID, CustomerID) values (104, '03/20/2016', '03/20/2016', '03/20/2016', 2, 371, 1);
insert into Rental (RentalID, RentalDate, DueDate, ReturnDate, PaymentID, MovieID, CustomerID) values (105, '03/20/2018', '04/20/2018', '04/20/2018', 3, 68, 6);
insert into Rental (RentalID, RentalDate, DueDate, ReturnDate, PaymentID, MovieID, CustomerID) values (106, '06/10/2016', '07/10/2016', '07/10/2016', 1, 305, 1);
insert into Rental (RentalID, RentalDate, DueDate, ReturnDate, PaymentID, MovieID, CustomerID) values (107, '07/10/2017', '08/10/2017', '08/10/2017', 3, 116, 3);
insert into Rental (RentalID, RentalDate, DueDate, ReturnDate, PaymentID, MovieID, CustomerID) values (108, '03/04/2018', '04/04/2018', '04/04/2018', 1, 498, 8);
insert into Rental (RentalID, RentalDate, DueDate, ReturnDate, PaymentID, MovieID, CustomerID) values (109, '10/10/2018', '11/10/2018', '11/10/2018', 1, 139, 6);
insert into Rental (RentalID, RentalDate, DueDate, ReturnDate, PaymentID, MovieID, CustomerID) values (110, '12/20/2018', '01/20/2019', '01/20/2019', 2, 103, 9);
insert into Rental (RentalID, RentalDate, DueDate, ReturnDate, PaymentID, MovieID, CustomerID) values (111, '03/23/2017', '04/23/2017', '04/23/2017', 3, 71, 9);
insert into Rental (RentalID, RentalDate, DueDate, ReturnDate, PaymentID, MovieID, CustomerID) values (112, '09/05/2017', '10/05/2017', '10/05/2017', 3, 479, 2);
insert into Rental (RentalID, RentalDate, DueDate, ReturnDate, PaymentID, MovieID, CustomerID) values (113, '08/14/2018', '09/14/2018', '09/14/2018', 2, 273, 5);
insert into Rental (RentalID, RentalDate, DueDate, ReturnDate, PaymentID, MovieID, CustomerID) values (114, '06/11/2017', '07/11/2017', '07/11/2017', 1, 470, 4);
insert into Rental (RentalID, RentalDate, DueDate, ReturnDate, PaymentID, MovieID, CustomerID) values (115, '10/26/2016', '11/26/2016', '11/26/2016', 3, 250, 4);
insert into Rental (RentalID, RentalDate, DueDate, ReturnDate, PaymentID, MovieID, CustomerID) values (116, '12/03/2018', '01/03/2019', '01/03/2019', 3, 170, 6);
insert into Rental (RentalID, RentalDate, DueDate, ReturnDate, PaymentID, MovieID, CustomerID) values (117, '05/07/2017', '06/07/2017', '06/07/2017', 3, 10, 10);
insert into Rental (RentalID, RentalDate, DueDate, ReturnDate, PaymentID, MovieID, CustomerID) values (118, '02/07/2018', '03/07/2018', '03/07/2018', 1, 353, 6);
insert into Rental (RentalID, RentalDate, DueDate, ReturnDate, PaymentID, MovieID, CustomerID) values (119, '04/23/2017', '05/23/2017', '05/23/2017', 1, 483, 6);
insert into Rental (RentalID, RentalDate, DueDate, ReturnDate, PaymentID, MovieID, CustomerID) values (120, '02/04/2017', '03/04/2017', '03/04/2017', 2, 230, 2);
insert into Rental (RentalID, RentalDate, DueDate, ReturnDate, PaymentID, MovieID, CustomerID) values (121, '08/19/2016', '09/19/2016', '09/19/2016', 1, 434, 1);
insert into Rental (RentalID, RentalDate, DueDate, ReturnDate, PaymentID, MovieID, CustomerID) values (122, '10/08/2018', '11/08/2018', '11/08/2018', 2, 34, 6);
insert into Rental (RentalID, RentalDate, DueDate, ReturnDate, PaymentID, MovieID, CustomerID) values (123, '09/13/2018', '10/13/2018', '10/13/2018', 2, 406, 4);
insert into Rental (RentalID, RentalDate, DueDate, ReturnDate, PaymentID, MovieID, CustomerID) values (124, '07/28/2019', '08/28/2019', '08/28/2019', 1, 162, 10);
insert into Rental (RentalID, RentalDate, DueDate, ReturnDate, PaymentID, MovieID, CustomerID) values (125, '07/14/2016', '08/14/2016', '08/14/2016', 2, 256, 11);
insert into Rental (RentalID, RentalDate, DueDate, ReturnDate, PaymentID, MovieID, CustomerID) values (126, '04/07/2019', '05/07/2019', '05/07/2019', 2, 86, 5);
insert into Rental (RentalID, RentalDate, DueDate, ReturnDate, PaymentID, MovieID, CustomerID) values (127, '08/04/2016', '09/04/2016', '09/04/2016', 1, 280, 10);
insert into Rental (RentalID, RentalDate, DueDate, ReturnDate, PaymentID, MovieID, CustomerID) values (128, '03/23/2017', '04/23/2017', '04/23/2017', 3, 249, 1);
insert into Rental (RentalID, RentalDate, DueDate, ReturnDate, PaymentID, MovieID, CustomerID) values (129, '07/20/2017', '08/20/2017', '08/20/2017', 3, 144, 1);
insert into Rental (RentalID, RentalDate, DueDate, ReturnDate, PaymentID, MovieID, CustomerID) values (130, '06/27/2019', '07/27/2019', '07/27/2019', 1, 167, 8);
insert into Rental (RentalID, RentalDate, DueDate, ReturnDate, PaymentID, MovieID, CustomerID) values (131, '07/30/2018', '08/30/2018', '08/30/2018', 1, 96, 3);
insert into Rental (RentalID, RentalDate, DueDate, ReturnDate, PaymentID, MovieID, CustomerID) values (132, '06/08/2019', '07/08/2019', '07/08/2019', 1, 322, 6);
insert into Rental (RentalID, RentalDate, DueDate, ReturnDate, PaymentID, MovieID, CustomerID) values (133, '02/24/2018', '03/24/2018', '03/24/2018', 3, 315, 6);
insert into Rental (RentalID, RentalDate, DueDate, ReturnDate, PaymentID, MovieID, CustomerID) values (134, '07/30/2019', '08/30/2019', '08/30/2019', 1, 70, 11);
insert into Rental (RentalID, RentalDate, DueDate, ReturnDate, PaymentID, MovieID, CustomerID) values (135, '12/09/2016', '01/09/2017', '01/09/2017', 3, 154, 10);
insert into Rental (RentalID, RentalDate, DueDate, ReturnDate, PaymentID, MovieID, CustomerID) values (136, '03/22/2018', '04/22/2018', '04/22/2018', 2, 76, 8);
insert into Rental (RentalID, RentalDate, DueDate, ReturnDate, PaymentID, MovieID, CustomerID) values (137, '10/21/2017', '11/21/2017', '11/21/2017', 3, 491, 9);
insert into Rental (RentalID, RentalDate, DueDate, ReturnDate, PaymentID, MovieID, CustomerID) values (138, '07/09/2018', '08/09/2018', '08/09/2018', 3, 77, 2);
insert into Rental (RentalID, RentalDate, DueDate, ReturnDate, PaymentID, MovieID, CustomerID) values (139, '03/20/2017', '04/20/2017', '04/20/2017',  3, 239, 1);
insert into Rental (RentalID, RentalDate, DueDate, ReturnDate, PaymentID, MovieID, CustomerID) values (140, '06/29/2019', '06/29/2019', '06/29/2019', 1, 297, 2);
insert into Rental (RentalID, RentalDate, DueDate, ReturnDate, PaymentID, MovieID, CustomerID) values (141, '09/13/2016', '10/13/2016', '10/13/2016', 2, 374, 1);
insert into Rental (RentalID, RentalDate, DueDate, ReturnDate, PaymentID, MovieID, CustomerID) values (142, '12/02/2016', '01/02/2017', '01/02/2017', 1, 10, 3);
insert into Rental (RentalID, RentalDate, DueDate, ReturnDate, PaymentID, MovieID, CustomerID) values (143, '06/03/2019', '07/03/2019', '07/03/2019', 1, 146, 8);
insert into Rental (RentalID, RentalDate, DueDate, ReturnDate, PaymentID, MovieID, CustomerID) values (144, '01/10/2016', '02/10/2016', '02/10/2016', 1, 21, 9);
insert into Rental (RentalID, RentalDate, DueDate, ReturnDate, PaymentID, MovieID, CustomerID) values (145, '07/25/2017', '08/25/2017', '08/25/2017', 2, 379, 2);
insert into Rental (RentalID, RentalDate, DueDate, ReturnDate, PaymentID, MovieID, CustomerID) values (146, '09/23/2019', '10/23/2019', '10/23/2019', 2, 5, 3);
insert into Rental (RentalID, RentalDate, DueDate, ReturnDate, PaymentID, MovieID, CustomerID) values (147, '03/14/2016', '04/14/2016', '04/14/2016', 1, 487, 5);
insert into Rental (RentalID, RentalDate, DueDate, ReturnDate, PaymentID, MovieID, CustomerID) values (148, '05/15/2018', '06/15/2018', '06/15/2018', 2, 309, 1);
insert into Rental (RentalID, RentalDate, DueDate, ReturnDate, PaymentID, MovieID, CustomerID) values (149, '02/23/2016', '03/23/2016', '03/23/2016', 1, 229, 11);
insert into Rental (RentalID, RentalDate, DueDate, ReturnDate, PaymentID, MovieID, CustomerID) values (150, '04/12/2018', '05/12/2018', '05/12/2018', 2, 409, 5);
insert into Rental (RentalID, RentalDate, DueDate, ReturnDate, PaymentID, MovieID, CustomerID) values (151, '08/29/2016', '09/29/2016', '09/29/2016', 2, 282, 5);

insert into Rental (RentalID, RentalDate, DueDate, ReturnDate, PaymentID, MovieID, CustomerID) values (152, '03/13/2017', '04/13/2017', '04/01/2017', 2, 456, 9);
insert into Rental (RentalID, RentalDate, DueDate, ReturnDate, PaymentID, MovieID, CustomerID) values (153, '11/09/2016', '12/09/2016', '12/03/2016', 3, 73, 5);
insert into Rental (RentalID, RentalDate, DueDate, ReturnDate, PaymentID, MovieID, CustomerID) values (154, '08/06/2017', '09/06/2017', '08/26/2017', 3, 416, 9);
insert into Rental (RentalID, RentalDate, DueDate, ReturnDate, PaymentID, MovieID, CustomerID) values (155, '01/26/2017', '02/26/2017', '02/13/2017', 3, 374, 2);
insert into Rental (RentalID, RentalDate, DueDate, ReturnDate, PaymentID, MovieID, CustomerID) values (156, '01/15/2018', '02/15/2018', '02/03/2018', 1, 122, 1);
insert into Rental (RentalID, RentalDate, DueDate, ReturnDate, PaymentID, MovieID, CustomerID) values (157, '04/16/2016', '05/16/2016', '05/04/2016', 1, 21, 8);
insert into Rental (RentalID, RentalDate, DueDate, ReturnDate, PaymentID, MovieID, CustomerID) values (158, '04/29/2018', '05/29/2018', '05/13/2018', 2, 322, 1);
insert into Rental (RentalID, RentalDate, DueDate, ReturnDate, PaymentID, MovieID, CustomerID) values (159, '09/06/2018', '10/06/2018', '09/20/2018', 1, 241, 4);
insert into Rental (RentalID, RentalDate, DueDate, ReturnDate, PaymentID, MovieID, CustomerID) values (160, '03/23/2018', '04/23/2018', '04/10/2018', 3, 314, 7);
insert into Rental (RentalID, RentalDate, DueDate, ReturnDate, PaymentID, MovieID, CustomerID) values (161, '01/08/2019', '02/08/2019', '01/19/2019', 3, 144, 7);
insert into Rental (RentalID, RentalDate, DueDate, ReturnDate, PaymentID, MovieID, CustomerID) values (162, '04/22/2016', '05/22/2016', '05/20/2016', 1, 500, 3);
insert into Rental (RentalID, RentalDate, DueDate, ReturnDate, PaymentID, MovieID, CustomerID) values (163, '04/28/2017', '05/28/2017', '05/17/2017', 2, 317, 1);
insert into Rental (RentalID, RentalDate, DueDate, ReturnDate, PaymentID, MovieID, CustomerID) values (164, '03/08/2018', '04/08/2018', '04/03/2018', 1, 237, 2);
insert into Rental (RentalID, RentalDate, DueDate, ReturnDate, PaymentID, MovieID, CustomerID) values (165, '05/14/2017', '06/14/2017', '06/11/2017', 1, 420, 3);
insert into Rental (RentalID, RentalDate, DueDate, ReturnDate, PaymentID, MovieID, CustomerID) values (166, '06/24/2017', '07/24/2017', '07/14/2017', 3, 478, 9);
insert into Rental (RentalID, RentalDate, DueDate, ReturnDate, PaymentID, MovieID, CustomerID) values (167, '11/11/2016', '12/11/2016', '12/09/2016', 1, 236, 4);
insert into Rental (RentalID, RentalDate, DueDate, ReturnDate, PaymentID, MovieID, CustomerID) values (168, '05/13/2017', '06/13/2017', '06/12/2017', 3, 306, 10);
insert into Rental (RentalID, RentalDate, DueDate, ReturnDate, PaymentID, MovieID, CustomerID) values (169, '12/05/2018', '01/05/2019', '12/26/2018', 2, 411, 5);
insert into Rental (RentalID, RentalDate, DueDate, ReturnDate, PaymentID, MovieID, CustomerID) values (170, '06/11/2017', '07/11/2017', '07/01/2017', 3, 171, 9);
insert into Rental (RentalID, RentalDate, DueDate, ReturnDate, PaymentID, MovieID, CustomerID) values (171, '04/15/2019', '05/15/2019', '05/05/2019', 1, 419, 1);
insert into Rental (RentalID, RentalDate, DueDate, ReturnDate, PaymentID, MovieID, CustomerID) values (172, '12/18/2018', '01/18/2019', '01/10/2019', 3, 175, 10);
insert into Rental (RentalID, RentalDate, DueDate, ReturnDate, PaymentID, MovieID, CustomerID) values (173, '09/04/2017', '10/04/2017', '10/03/2017', 2, 468, 2);
insert into Rental (RentalID, RentalDate, DueDate, ReturnDate, PaymentID, MovieID, CustomerID) values (174, '03/15/2016', '04/15/2016', '04/06/2016', 2, 74, 3);
insert into Rental (RentalID, RentalDate, DueDate, ReturnDate, PaymentID, MovieID, CustomerID) values (175, '05/15/2019', '06/15/2019', '06/14/2019', 1, 483, 5);
insert into Rental (RentalID, RentalDate, DueDate, ReturnDate, PaymentID, MovieID, CustomerID) values (176, '04/15/2018', '05/15/2018', '05/02/2018', 2, 313, 4);
insert into Rental (RentalID, RentalDate, DueDate, ReturnDate, PaymentID, MovieID, CustomerID) values (177, '07/03/2017', '08/03/2017', '07/21/2017', 2, 313, 4);
insert into Rental (RentalID, RentalDate, DueDate, ReturnDate, PaymentID, MovieID, CustomerID) values (178, '01/17/2018', '02/17/2018', '02/07/2018', 3, 256, 3);
insert into Rental (RentalID, RentalDate, DueDate, ReturnDate, PaymentID, MovieID, CustomerID) values (179, '05/07/2019', '06/07/2019', '05/17/2019', 2, 28, 7);
insert into Rental (RentalID, RentalDate, DueDate, ReturnDate, PaymentID, MovieID, CustomerID) values (180, '05/01/2016', '06/01/2016', '05/21/2016', 2, 59, 4);
insert into Rental (RentalID, RentalDate, DueDate, ReturnDate, PaymentID, MovieID, CustomerID) values (181, '06/08/2019', '07/08/2019', '06/18/2019', 3, 123, 2);
insert into Rental (RentalID, RentalDate, DueDate, ReturnDate, PaymentID, MovieID, CustomerID) values (182, '09/23/2018', '10/23/2018', '10/03/2018', 2, 380, 1);
insert into Rental (RentalID, RentalDate, DueDate, ReturnDate, PaymentID, MovieID, CustomerID) values (183, '07/11/2019', '08/11/2019', '08/01/2019', 2, 158, 3);
insert into Rental (RentalID, RentalDate, DueDate, ReturnDate, PaymentID, MovieID, CustomerID) values (184, '12/19/2018', '01/19/2019', '01/09/2019', 3, 291, 4);
insert into Rental (RentalID, RentalDate, DueDate, ReturnDate, PaymentID, MovieID, CustomerID) values (185, '01/20/2016', '02/20/2016', '02/10/2016', 2, 264, 4);
insert into Rental (RentalID, RentalDate, DueDate, ReturnDate, PaymentID, MovieID, CustomerID) values (186, '07/03/2019', '08/03/2019', '07/23/2019', 2, 76, 7);
insert into Rental (RentalID, RentalDate, DueDate, ReturnDate,PaymentID, MovieID, CustomerID) values (187, '11/13/2017', '12/13/2017', '12/08/2017', 2, 152, 5);
insert into Rental (RentalID, RentalDate, DueDate, ReturnDate, PaymentID, MovieID, CustomerID) values (188, '04/05/2019', '05/05/2019', '04/15/2019', 1, 316, 3);
insert into Rental (RentalID, RentalDate, DueDate, ReturnDate, PaymentID, MovieID, CustomerID) values (189, '11/25/2017', '12/25/2017', '12/15/2017', 1, 367, 7);
insert into Rental (RentalID, RentalDate, DueDate, ReturnDate, PaymentID, MovieID, CustomerID) values (190, '05/02/2018', '06/02/2018', '05/22/2018', 3, 424, 1);
insert into Rental (RentalID, RentalDate, DueDate, ReturnDate, PaymentID, MovieID, CustomerID) values (191, '10/26/2018', '11/26/2018', '11/16/2018', 1, 386, 10);
insert into Rental (RentalID, RentalDate, DueDate, ReturnDate, PaymentID, MovieID, CustomerID) values (192, '09/06/2016', '10/06/2016', '09/26/2016', 2, 148, 9);
insert into Rental (RentalID, RentalDate, DueDate, ReturnDate, PaymentID, MovieID, CustomerID) values (193, '05/23/2016', '06/23/2016', '06/13/2016', 3, 456, 7);
insert into Rental (RentalID, RentalDate, DueDate, ReturnDate, PaymentID, MovieID, CustomerID) values (194, '12/01/2017', '01/01/2018', '12/21/2017', 1, 22, 8);
insert into Rental (RentalID, RentalDate, DueDate, ReturnDate, PaymentID, MovieID, CustomerID) values (195, '07/19/2019', '08/19/2019', '08/09/2019', 3, 383, 6);
insert into Rental (RentalID, RentalDate, DueDate, ReturnDate, PaymentID, MovieID, CustomerID) values (196, '01/13/2017', '02/13/2017', '02/03/2017', 1, 102, 6);
insert into Rental (RentalID, RentalDate, DueDate, ReturnDate, PaymentID, MovieID, CustomerID) values (197, '04/03/2016', '05/03/2016', '04/23/2016', 3, 4, 8);
insert into Rental (RentalID, RentalDate, DueDate, ReturnDate, PaymentID, MovieID, CustomerID) values (198, '07/27/2019', '08/27/2019', '08/17/2019', 1, 268, 5);
insert into Rental (RentalID, RentalDate, DueDate, ReturnDate, PaymentID, MovieID, CustomerID) values (199, '08/28/2016', '09/28/2016', '09/18/2016', 3, 328, 2);
insert into Rental (RentalID, RentalDate, DueDate, ReturnDate, PaymentID, MovieID, CustomerID) values (200, '09/11/2017', '10/11/2017', '10/01/2017', 3, 337, 8) ;


Update Rental 
Set CustomerID=1
Where RentalID in (1,2,3,4,5,6)

Update Rental 
Set CustomerID=2
Where RentalID in (11,12,13,14,15,16)

Update Rental 
Set CustomerID=11
Where RentalID in (19,21,24,29)



---------------------------------------------------------insert command for Movie table ---------------------------------------------------------------

insert into Movie (MovieID, MovieName, Price, LanguageID, DirectorID, LocationID, GenreID, RatingID, ReleaseDate) values (242, 'Fools Rush In', '67.25', 6, 22, 11, 3, 20, '10/26/1989');
insert into Movie (MovieID, MovieName, Price, LanguageID, DirectorID, LocationID, GenreID, RatingID, ReleaseDate) values (184, 'Terms of Endearment', '37.94', 3, 13, 11, 3, 13, '05/21/1984');
insert into Movie (MovieID, MovieName, Price, LanguageID, DirectorID, LocationID, GenreID, RatingID, ReleaseDate) values (13, 'Cry_Wolf (a.k.a. Cry Wolf)', '37.49', 3, 8, 14, 5, 3, '01/02/1984');
insert into Movie (MovieID, MovieName, Price, LanguageID, DirectorID, LocationID, GenreID, RatingID, ReleaseDate) values (489, 'Nantucket Film Festival''s Comedy Roundtable', '71.08', 9, 13, 14, 16, 7, '09/02/1941');
insert into Movie (MovieID, MovieName, Price, LanguageID, DirectorID, LocationID, GenreID, RatingID, ReleaseDate) values (337, 'Henry & June', '60.13', 3, 1, 11, 15, 23, '05/26/1960');
insert into Movie (MovieID, MovieName, Price, LanguageID, DirectorID, LocationID, GenreID, RatingID, ReleaseDate) values (125, 'Singing Nun, The', '50.39', 1, 17, 9, 15, 18, '05/01/1948');
insert into Movie (MovieID, MovieName, Price, LanguageID, DirectorID, LocationID, GenreID, RatingID, ReleaseDate) values (141, 'Russia''s Toughest Prisons (National Geographic)', '31.26', 5, 18, 18, 17, 12, '08/11/1987');
insert into Movie (MovieID, MovieName, Price, LanguageID, DirectorID, LocationID, GenreID, RatingID, ReleaseDate) values (451, 'Future Cops (Chao ji xue xiao ba wang)', '85.80', 7, 9, 13, 17, 8, '03/24/1931');
insert into Movie (MovieID, MovieName, Price, LanguageID, DirectorID, LocationID, GenreID, RatingID, ReleaseDate) values (230, 'Kiler', '33.14', 2, 15, 20, 11, 22, '07/28/1992');
insert into Movie (MovieID, MovieName, Price, LanguageID, DirectorID, LocationID, GenreID, RatingID, ReleaseDate) values (68, 'Singham', '60.19', 5, 16, 3, 16, 24, '07/08/1956');
insert into Movie (MovieID, MovieName, Price, LanguageID, DirectorID, LocationID, GenreID, RatingID, ReleaseDate) values (221, 'Man Who Laughs, The', '87.44', 9, 9, 12, 2, 17, '01/01/1937');
insert into Movie (MovieID, MovieName, Price, LanguageID, DirectorID, LocationID, GenreID, RatingID, ReleaseDate) values (27, 'Outside Man, The (Un homme est mort)', '29.20', 6, 18, 12, 2, 8, '11/02/1996');
insert into Movie (MovieID, MovieName, Price, LanguageID, DirectorID, LocationID, GenreID, RatingID, ReleaseDate) values (222, 'Keeping the Faith', '21.13', 10, 17, 18, 14, 15, '12/27/2015');
insert into Movie (MovieID, MovieName, Price, LanguageID, DirectorID, LocationID, GenreID, RatingID, ReleaseDate) values (366, 'Bonaerense, El', '32.24', 3, 2, 9, 13, 12, '09/08/1987');
insert into Movie (MovieID, MovieName, Price, LanguageID, DirectorID, LocationID, GenreID, RatingID, ReleaseDate) values (161, 'The Gamma People', '82.34', 8, 14, 13, 2, 15, '11/05/1931');
insert into Movie (MovieID, MovieName, Price, LanguageID, DirectorID, LocationID, GenreID, RatingID, ReleaseDate) values (463, 'Sokkotanssi', '43.26', 3, 6, 15, 16, 22, '12/27/2005');
insert into Movie (MovieID, MovieName, Price, LanguageID, DirectorID, LocationID, GenreID, RatingID, ReleaseDate) values (119, 'Cat People', '74.80', 6, 3, 4, 3, 15, '09/15/1944');
insert into Movie (MovieID, MovieName, Price, LanguageID, DirectorID, LocationID, GenreID, RatingID, ReleaseDate) values (454, 'State Fair', '96.44', 2, 12, 13, 7, 3, '03/22/1956');
insert into Movie (MovieID, MovieName, Price, LanguageID, DirectorID, LocationID, GenreID, RatingID, ReleaseDate) values (20, 'Street Fighter II: The Animated Movie (Sutorîto Faitâ II gekijô-ban)', '56.34', 10, 4, 1, 11, 8, '01/18/1966');
insert into Movie (MovieID, MovieName, Price, LanguageID, DirectorID, LocationID, GenreID, RatingID, ReleaseDate) values (426, 'Nature of Existence, The', '28.17', 9, 4, 9, 11, 17, '05/11/1978');
insert into Movie (MovieID, MovieName, Price, LanguageID, DirectorID, LocationID, GenreID, RatingID, ReleaseDate) values (382, 'Time to Love and a Time to Die, A', '85.53', 8, 5, 18, 1, 5, '11/16/2019');
insert into Movie (MovieID, MovieName, Price, LanguageID, DirectorID, LocationID, GenreID, RatingID, ReleaseDate) values (224, 'Batman Begins', '21.57', 1, 18, 14, 3, 14, '02/17/1909');
insert into Movie (MovieID, MovieName, Price, LanguageID, DirectorID, LocationID, GenreID, RatingID, ReleaseDate) values (232, 'Welcome to Australia', '89.43', 4, 15, 1, 11, 2, '12/28/1915');
insert into Movie (MovieID, MovieName, Price, LanguageID, DirectorID, LocationID, GenreID, RatingID, ReleaseDate) values (486, 'Stan Helsing', '99.55', 5, 3, 3, 6, 23, '07/17/1988');
insert into Movie (MovieID, MovieName, Price, LanguageID, DirectorID, LocationID, GenreID, RatingID, ReleaseDate) values (161, 'Between Two Worlds', '65.22', 7, 11, 6, 15, 7, '03/29/1902');
insert into Movie (MovieID, MovieName, Price, LanguageID, DirectorID, LocationID, GenreID, RatingID, ReleaseDate) values (68, 'My Girlfriend Is an Agent (Chilgeup gongmuwon)', '52.94', 4, 20, 1, 8, 1, '04/08/1972');
insert into Movie (MovieID, MovieName, Price, LanguageID, DirectorID, LocationID, GenreID, RatingID, ReleaseDate) values (495, 'Guard, The', '70.69', 8, 11, 6, 11, 4, '02/13/1941');
insert into Movie (MovieID, MovieName, Price, LanguageID, DirectorID, LocationID, GenreID, RatingID, ReleaseDate) values (22, 'Sum of All Fears, The', '43.90', 3, 14, 12, 13, 4, '01/27/1990');
insert into Movie (MovieID, MovieName, Price, LanguageID, DirectorID, LocationID, GenreID, RatingID, ReleaseDate) values (130, 'Stuart Little 3: Call of the Wild', '22.55', 5, 20, 3, 11, 22, '08/22/1973');
insert into Movie (MovieID, MovieName, Price, LanguageID, DirectorID, LocationID, GenreID, RatingID, ReleaseDate) values (261, 'Girasoli, I (Sunflower)', '72.72', 3, 11, 4, 3, 10, '08/14/1967');
insert into Movie (MovieID, MovieName, Price, LanguageID, DirectorID, LocationID, GenreID, RatingID, ReleaseDate) values (184, 'Much Ado About Something', '27.01', 5, 12, 9, 7, 7, '07/30/2003');
insert into Movie (MovieID, MovieName, Price, LanguageID, DirectorID, LocationID, GenreID, RatingID, ReleaseDate) values (282, 'Pretty Things', '51.97', 7, 2, 6, 15, 21, '05/01/1933');
insert into Movie (MovieID, MovieName, Price, LanguageID, DirectorID, LocationID, GenreID, RatingID, ReleaseDate) values (161, 'NeverEnding Story II: The Next Chapter, The', '41.65', 10, 5, 6, 16, 5, '03/24/1967');
insert into Movie (MovieID, MovieName, Price, LanguageID, DirectorID, LocationID, GenreID, RatingID, ReleaseDate) values (492, 'Sapphire', '58.22', 2, 20, 14, 15, 13, '09/09/2004');
insert into Movie (MovieID, MovieName, Price, LanguageID, DirectorID, LocationID, GenreID, RatingID, ReleaseDate) values (166, 'West Side Story', '92.72', 8, 15, 20, 3, 12, '10/30/1931');
insert into Movie (MovieID, MovieName, Price, LanguageID, DirectorID, LocationID, GenreID, RatingID, ReleaseDate) values (298, 'Man of La Mancha', '76.98', 8, 20, 18, 6, 22, '10/10/1949');
insert into Movie (MovieID, MovieName, Price, LanguageID, DirectorID, LocationID, GenreID, RatingID, ReleaseDate) values (418, 'Dragonslayer', '24.75', 2, 10, 17, 5, 22, '12/24/1980');
insert into Movie (MovieID, MovieName, Price, LanguageID, DirectorID, LocationID, GenreID, RatingID, ReleaseDate) values (394, 'Thunderbolt (Pik lik feng)', '71.30', 3, 7, 8, 9, 20, '07/20/1921');
insert into Movie (MovieID, MovieName, Price, LanguageID, DirectorID, LocationID, GenreID, RatingID, ReleaseDate) values (221, 'Homecoming', '97.81', 6, 2, 14, 17, 21, '09/16/1923');
insert into Movie (MovieID, MovieName, Price, LanguageID, DirectorID, LocationID, GenreID, RatingID, ReleaseDate) values (258, 'Cousin Angelica (La prima Angélica)', '60.53', 1, 2, 1, 12, 7, '01/05/1968');
insert into Movie (MovieID, MovieName, Price, LanguageID, DirectorID, LocationID, GenreID, RatingID, ReleaseDate) values (467, 'Wanderers', '32.19', 1, 15, 16, 14, 17, '11/26/1987');
insert into Movie (MovieID, MovieName, Price, LanguageID, DirectorID, LocationID, GenreID, RatingID, ReleaseDate) values (90, 'Witch Way Love (Un amour de sorcière)', '55.84', 10, 1, 3, 7, 25, '02/24/1994');
insert into Movie (MovieID, MovieName, Price, LanguageID, DirectorID, LocationID, GenreID, RatingID, ReleaseDate) values (368, 'Battery, The', '22.97', 3, 4, 19, 4, 17, '10/18/2001');
insert into Movie (MovieID, MovieName, Price, LanguageID, DirectorID, LocationID, GenreID, RatingID, ReleaseDate) values (312, 'My Blue Heaven', '48.30', 1, 21, 16, 4, 6, '08/01/1904');
insert into Movie (MovieID, MovieName, Price, LanguageID, DirectorID, LocationID, GenreID, RatingID, ReleaseDate) values (235, 'Shrimp on the Barbie, The', '92.86', 7, 13, 19, 2, 24, '09/04/2001');
insert into Movie (MovieID, MovieName, Price, LanguageID, DirectorID, LocationID, GenreID, RatingID, ReleaseDate) values (465, 'Last Days on Mars, The', '23.09', 7, 13, 20, 14, 5, '09/12/1922');
insert into Movie (MovieID, MovieName, Price, LanguageID, DirectorID, LocationID, GenreID, RatingID, ReleaseDate) values (111, 'Siegfried', '77.05', 6, 22, 16, 2, 11, '04/01/1971');
insert into Movie (MovieID, MovieName, Price, LanguageID, DirectorID, LocationID, GenreID, RatingID, ReleaseDate) values (88, 'Secret of the Grain, The (La graine et le mulet)', '36.46', 4, 21, 14, 9, 11, '05/02/1959');
insert into Movie (MovieID, MovieName, Price, LanguageID, DirectorID, LocationID, GenreID, RatingID, ReleaseDate) values (104, 'Together (Tillsammans)', '42.46', 8, 13, 19, 3, 16, '09/05/1950');
insert into Movie (MovieID, MovieName, Price, LanguageID, DirectorID, LocationID, GenreID, RatingID, ReleaseDate) values (53, 'Cradle 2 the Grave', '24.00', 7, 19, 15, 10, 21, '01/09/1938');
insert into Movie (MovieID, MovieName, Price, LanguageID, DirectorID, LocationID, GenreID, RatingID, ReleaseDate) values (189, 'And Then There Were None', '93.24', 8, 18, 11, 16, 24, '11/21/1980');
insert into Movie (MovieID, MovieName, Price, LanguageID, DirectorID, LocationID, GenreID, RatingID, ReleaseDate) values (446, 'The Clinic', '72.70', 2, 2, 6, 5, 3, '03/22/1912');
insert into Movie (MovieID, MovieName, Price, LanguageID, DirectorID, LocationID, GenreID, RatingID, ReleaseDate) values (120, 'In Good Company', '30.54', 2, 3, 12, 9, 19, '03/03/1934');
insert into Movie (MovieID, MovieName, Price, LanguageID, DirectorID, LocationID, GenreID, RatingID, ReleaseDate) values (365, 'Baby Mama', '79.75', 7, 11, 5, 13, 1, '02/23/2014');
insert into Movie (MovieID, MovieName, Price, LanguageID, DirectorID, LocationID, GenreID, RatingID, ReleaseDate) values (119, 'Millions Game, The (Das Millionenspiel)', '32.23', 8, 9, 7, 11, 15, '01/22/1900');
insert into Movie (MovieID, MovieName, Price, LanguageID, DirectorID, LocationID, GenreID, RatingID, ReleaseDate) values (292, 'Dave', '81.90', 7, 10, 9, 2, 1, '11/13/1966');
insert into Movie (MovieID, MovieName, Price, LanguageID, DirectorID, LocationID, GenreID, RatingID, ReleaseDate) values (58, 'Chori Chori Chupke Chupke', '21.50', 4, 1, 11, 14, 2, '02/03/1919');
insert into Movie (MovieID, MovieName, Price, LanguageID, DirectorID, LocationID, GenreID, RatingID, ReleaseDate) values (119, 'Meatballs', '20.56', 3, 8, 2, 13, 1, '03/10/1964');
insert into Movie (MovieID, MovieName, Price, LanguageID, DirectorID, LocationID, GenreID, RatingID, ReleaseDate) values (395, 'Hitler''s Stealth Fighter', '66.57', 4, 8, 16, 9, 21, '08/23/2009');
insert into Movie (MovieID, MovieName, Price, LanguageID, DirectorID, LocationID, GenreID, RatingID, ReleaseDate) values (16, 'Don''t Go In the Woods', '31.32', 3, 14, 5, 4, 23, '06/23/1942');
insert into Movie (MovieID, MovieName, Price, LanguageID, DirectorID, LocationID, GenreID, RatingID, ReleaseDate) values (118, 'Fairly Odd Movie: Grow Up, Timmy Turner!, A', '48.64', 1, 18, 9, 17, 7, '01/06/1921');
insert into Movie (MovieID, MovieName, Price, LanguageID, DirectorID, LocationID, GenreID, RatingID, ReleaseDate) values (2, 'Daughter of the Nile (Ni luo he nu er)', '31.57', 3, 3, 20, 13, 10, '07/28/1944');
insert into Movie (MovieID, MovieName, Price, LanguageID, DirectorID, LocationID, GenreID, RatingID, ReleaseDate) values (221, 'Drained (O cheiro do Ralo)', '80.49', 7, 10, 8, 9, 3, '05/19/1993');
insert into Movie (MovieID, MovieName, Price, LanguageID, DirectorID, LocationID, GenreID, RatingID, ReleaseDate) values (216, 'Retreat', '30.88', 9, 17, 18, 14, 5, '05/23/1976');
insert into Movie (MovieID, MovieName, Price, LanguageID, DirectorID, LocationID, GenreID, RatingID, ReleaseDate) values (11, 'Horse Rebellion, The (Pulakapina)', '60.16', 9, 2, 15, 14, 4, '06/22/1904');
insert into Movie (MovieID, MovieName, Price, LanguageID, DirectorID, LocationID, GenreID, RatingID, ReleaseDate) values (1, 'Criminal Code, The', '93.96', 8, 5, 2, 5, 22, '02/25/1989');
insert into Movie (MovieID, MovieName, Price, LanguageID, DirectorID, LocationID, GenreID, RatingID, ReleaseDate) values (392, 'Das Lied in mir', '74.63', 6, 13, 7, 1, 6, '08/06/1941');
insert into Movie (MovieID, MovieName, Price, LanguageID, DirectorID, LocationID, GenreID, RatingID, ReleaseDate) values (310, 'Men to Kiss', '32.81', 5, 16, 1, 11, 19, '03/05/2012');
insert into Movie (MovieID, MovieName, Price, LanguageID, DirectorID, LocationID, GenreID, RatingID, ReleaseDate) values (391, 'Good bye, Lenin!', '69.59', 2, 7, 8, 6, 20, '10/26/1960');
insert into Movie (MovieID, MovieName, Price, LanguageID, DirectorID, LocationID, GenreID, RatingID, ReleaseDate) values (311, 'Madagascar 3: Europe''s Most Wanted', '97.14', 9, 8, 9, 1, 14, '05/19/1906');
insert into Movie (MovieID, MovieName, Price, LanguageID, DirectorID, LocationID, GenreID, RatingID, ReleaseDate) values (27, 'On the Rumba River (On the Rhumba River)', '94.98', 4, 20, 10, 15, 15, '03/13/1925');
insert into Movie (MovieID, MovieName, Price, LanguageID, DirectorID, LocationID, GenreID, RatingID, ReleaseDate) values (404, 'Wife! Be Like a Rose! (Tsuma yo bara no yo ni)', '93.05', 10, 15, 4, 10, 17, '11/08/1976');
insert into Movie (MovieID, MovieName, Price, LanguageID, DirectorID, LocationID, GenreID, RatingID, ReleaseDate) values (76, 'Fancy Pants', '80.96', 9, 2, 16, 15, 13, '04/11/1903');
insert into Movie (MovieID, MovieName, Price, LanguageID, DirectorID, LocationID, GenreID, RatingID, ReleaseDate) values (347, 'We the Party', '20.26', 6, 3, 15, 14, 16, '12/17/1945');
insert into Movie (MovieID, MovieName, Price, LanguageID, DirectorID, LocationID, GenreID, RatingID, ReleaseDate) values (492, 'You''ll Never Get Rich', '58.96', 8, 9, 18, 1, 14, '10/18/1923');
insert into Movie (MovieID, MovieName, Price, LanguageID, DirectorID, LocationID, GenreID, RatingID, ReleaseDate) values (336, 'Amber Alert ', '60.76', 3, 4, 11, 8, 9, '04/18/2011');
insert into Movie (MovieID, MovieName, Price, LanguageID, DirectorID, LocationID, GenreID, RatingID, ReleaseDate) values (429, 'Story of Seabiscuit, The', '30.23', 1, 16, 7, 8, 6, '11/22/1924');
insert into Movie (MovieID, MovieName, Price, LanguageID, DirectorID, LocationID, GenreID, RatingID, ReleaseDate) values (403, 'Light Is Calling', '36.76', 5, 13, 8, 11, 5, '08/25/1940');
insert into Movie (MovieID, MovieName, Price, LanguageID, DirectorID, LocationID, GenreID, RatingID, ReleaseDate) values (51, 'Shenandoah', '31.64', 4, 1, 20, 12, 1, '01/23/1953');
insert into Movie (MovieID, MovieName, Price, LanguageID, DirectorID, LocationID, GenreID, RatingID, ReleaseDate) values (265, 'From Hell', '79.76', 8, 4, 20, 11, 22, '03/19/1927');
insert into Movie (MovieID, MovieName, Price, LanguageID, DirectorID, LocationID, GenreID, RatingID, ReleaseDate) values (147, 'Slave Ship', '26.99', 1, 16, 13, 15, 4, '12/08/1962');
insert into Movie (MovieID, MovieName, Price, LanguageID, DirectorID, LocationID, GenreID, RatingID, ReleaseDate) values (188, 'Legend of the Lost', '21.82', 4, 17, 9, 4, 17, '03/21/1975');
insert into Movie (MovieID, MovieName, Price, LanguageID, DirectorID, LocationID, GenreID, RatingID, ReleaseDate) values (197, 'How High', '37.26', 5, 2, 15, 5, 2, '07/12/1913');
insert into Movie (MovieID, MovieName, Price, LanguageID, DirectorID, LocationID, GenreID, RatingID, ReleaseDate) values (3, 'Oklahoma!', '60.06', 9, 1, 11, 3, 6, '07/31/1941');
insert into Movie (MovieID, MovieName, Price, LanguageID, DirectorID, LocationID, GenreID, RatingID, ReleaseDate) values (456, 'Rulers of the City', '20.38', 9, 20, 12, 12, 24, '06/15/1912');
insert into Movie (MovieID, MovieName, Price, LanguageID, DirectorID, LocationID, GenreID, RatingID, ReleaseDate) values (302, 'Handle with Care (a.k.a. Citizen''s Band)', '28.62', 5, 8, 12, 16, 15, '03/06/1910');
insert into Movie (MovieID, MovieName, Price, LanguageID, DirectorID, LocationID, GenreID, RatingID, ReleaseDate) values (27, 'Postcards From the Edge', '79.05', 8, 18, 12, 8, 12, '11/05/1991');
insert into Movie (MovieID, MovieName, Price, LanguageID, DirectorID, LocationID, GenreID, RatingID, ReleaseDate) values (457, 'Fall of the House of Usher, The (House of Usher)', '91.52', 9, 15, 3, 9, 1, '12/27/1906');
insert into Movie (MovieID, MovieName, Price, LanguageID, DirectorID, LocationID, GenreID, RatingID, ReleaseDate) values (490, 'Patti Smith: Dream of Life', '92.83', 4, 2, 16, 4, 4, '09/19/2010');
insert into Movie (MovieID, MovieName, Price, LanguageID, DirectorID, LocationID, GenreID, RatingID, ReleaseDate) values (22, 'Gay Purr-ee', '51.99', 2, 5, 6, 8, 11, '04/16/1928');
insert into Movie (MovieID, MovieName, Price, LanguageID, DirectorID, LocationID, GenreID, RatingID, ReleaseDate) values (307, 'Ciao Bella', '66.30', 5, 5, 17, 12, 8, '05/16/2011');
insert into Movie (MovieID, MovieName, Price, LanguageID, DirectorID, LocationID, GenreID, RatingID, ReleaseDate) values (348, 'Monsieur Verdoux', '50.51', 2, 12, 19, 2, 15, '11/26/1996');
insert into Movie (MovieID, MovieName, Price, LanguageID, DirectorID, LocationID, GenreID, RatingID, ReleaseDate) values (200, 'Mourning Forest, The (Mogari no mori)', '55.42', 8, 12, 1, 4, 8, '11/08/1959');
insert into Movie (MovieID, MovieName, Price, LanguageID, DirectorID, LocationID, GenreID, RatingID, ReleaseDate) values (71, '2013 Rock and Roll Hall of Fame Induction Ceremony, The', '64.74', 1, 20, 19, 14, 5, '04/10/1976');
insert into Movie (MovieID, MovieName, Price, LanguageID, DirectorID, LocationID, GenreID, RatingID, ReleaseDate) values (381, 'Children of Leningradsky, The', '97.25', 9, 2, 14, 9, 4, '09/25/1972');
insert into Movie (MovieID, MovieName, Price, LanguageID, DirectorID, LocationID, GenreID, RatingID, ReleaseDate) values (139, 'Reindeerspotting - Pako joulumaasta', '77.89', 9, 12, 14, 6, 20, '05/29/1990');
insert into Movie (MovieID, MovieName, Price, LanguageID, DirectorID, LocationID, GenreID, RatingID, ReleaseDate) values (311, 'Cobra Woman', '47.99', 7, 18, 3, 10, 1, '01/21/1998');
insert into Movie (MovieID, MovieName, Price, LanguageID, DirectorID, LocationID, GenreID, RatingID, ReleaseDate) values (189, 'Elles', '97.81', 6, 8, 17, 13, 6, '10/31/1930');
insert into Movie (MovieID, MovieName, Price, LanguageID, DirectorID, LocationID, GenreID, RatingID, ReleaseDate) values (409, 'Go Now', '96.03', 10, 6, 5, 6, 8, '09/15/1931');
insert into Movie (MovieID, MovieName, Price, LanguageID, DirectorID, LocationID, GenreID, RatingID, ReleaseDate) values (81, 'Million Ways to Die in the West, A', '52.57', 2, 2, 1, 11, 3, '06/06/1987');
insert into Movie (MovieID, MovieName, Price, LanguageID, DirectorID, LocationID, GenreID, RatingID, ReleaseDate) values (373, 'Evidence', '83.07', 1, 7, 9, 3, 14, '10/31/1932');
insert into Movie (MovieID, MovieName, Price, LanguageID, DirectorID, LocationID, GenreID, RatingID, ReleaseDate) values (189, 'Tinker, Tailor, Soldier, Spy', '90.58', 5, 17, 18, 9, 2, '09/15/1900');
insert into Movie (MovieID, MovieName, Price, LanguageID, DirectorID, LocationID, GenreID, RatingID, ReleaseDate) values (465, 'Eros Plus Massacre (Erosu purasu Gyakusatsu)', '81.74', 8, 2, 10, 5, 9, '02/22/1994');
insert into Movie (MovieID, MovieName, Price, LanguageID, DirectorID, LocationID, GenreID, RatingID, ReleaseDate) values (365, 'Going Hollywood', '80.97', 2, 21, 14, 2, 12, '08/01/1952');
insert into Movie (MovieID, MovieName, Price, LanguageID, DirectorID, LocationID, GenreID, RatingID, ReleaseDate) values (13, 'Physician, The', '24.44', 7, 15, 19, 2, 19, '06/11/1980');
insert into Movie (MovieID, MovieName, Price, LanguageID, DirectorID, LocationID, GenreID, RatingID, ReleaseDate) values (130, 'Kidnapping, Caucasian Style (Kavkazskaya plennitsa)', '71.42', 2, 17, 16, 16, 11, '09/22/1997');
insert into Movie (MovieID, MovieName, Price, LanguageID, DirectorID, LocationID, GenreID, RatingID, ReleaseDate) values (234, 'American President, The', '64.63', 10, 13, 18, 7, 9, '11/17/2002');
insert into Movie (MovieID, MovieName, Price, LanguageID, DirectorID, LocationID, GenreID, RatingID, ReleaseDate) values (405, 'Hunter Prey', '79.28', 5, 6, 18, 10, 20, '10/07/1979');
insert into Movie (MovieID, MovieName, Price, LanguageID, DirectorID, LocationID, GenreID, RatingID, ReleaseDate) values (55, 'Toy Story', '25.04', 9, 15, 9, 4, 20, '02/11/1970');
insert into Movie (MovieID, MovieName, Price, LanguageID, DirectorID, LocationID, GenreID, RatingID, ReleaseDate) values (15, 'Tunes of Glory', '49.89', 7, 14, 16, 6, 7, '12/03/2016');
insert into Movie (MovieID, MovieName, Price, LanguageID, DirectorID, LocationID, GenreID, RatingID, ReleaseDate) values (239, 'Waiting Game, The', '84.39', 5, 18, 8, 3, 16, '01/25/1956');
insert into Movie (MovieID, MovieName, Price, LanguageID, DirectorID, LocationID, GenreID, RatingID, ReleaseDate) values (103, 'Latitude Zero (Ido zero daisakusen)', '37.20', 10, 6, 5, 4, 19, '06/06/1953');
insert into Movie (MovieID, MovieName, Price, LanguageID, DirectorID, LocationID, GenreID, RatingID, ReleaseDate) values (176, 'Basket Case 2', '57.97', 9, 10, 15, 7, 10, '07/03/1903');
insert into Movie (MovieID, MovieName, Price, LanguageID, DirectorID, LocationID, GenreID, RatingID, ReleaseDate) values (319, 'Sam''s Song', '95.00', 6, 5, 2, 7, 22, '01/17/1917');
insert into Movie (MovieID, MovieName, Price, LanguageID, DirectorID, LocationID, GenreID, RatingID, ReleaseDate) values (68, 'Her', '50.34', 8, 6, 7, 12, 14, '08/07/1933');
insert into Movie (MovieID, MovieName, Price, LanguageID, DirectorID, LocationID, GenreID, RatingID, ReleaseDate) values (178, 'Intruders', '60.80', 9, 5, 11, 16, 8, '03/16/1934');
insert into Movie (MovieID, MovieName, Price, LanguageID, DirectorID, LocationID, GenreID, RatingID, ReleaseDate) values (470, 'District, The (Nyócker!)', '87.37', 5, 12, 4, 4, 10, '08/03/1929');
insert into Movie (MovieID, MovieName, Price, LanguageID, DirectorID, LocationID, GenreID, RatingID, ReleaseDate) values (182, 'Bread, Love and Dreams (Pane, amore e fantasia)', '46.70', 7, 1, 13, 4, 2, '02/23/1936');
insert into Movie (MovieID, MovieName, Price, LanguageID, DirectorID, LocationID, GenreID, RatingID, ReleaseDate) values (283, 'Glass Key, The', '90.42', 5, 9, 16, 3, 7, '10/18/1928');
insert into Movie (MovieID, MovieName, Price, LanguageID, DirectorID, LocationID, GenreID, RatingID, ReleaseDate) values (475, 'Cruel Story of Youth (Seishun zankoku monogatari)', '59.93', 1, 6, 10, 15, 9, '07/04/2015');
insert into Movie (MovieID, MovieName, Price, LanguageID, DirectorID, LocationID, GenreID, RatingID, ReleaseDate) values (308, 'Lost & Found', '38.79', 3, 5, 5, 14, 19, '07/21/1922');
insert into Movie (MovieID, MovieName, Price, LanguageID, DirectorID, LocationID, GenreID, RatingID, ReleaseDate) values (204, 'Those Daring Young Men in Their Jaunty Jalopies', '61.16', 1, 14, 9, 10, 22, '11/26/1967');
insert into Movie (MovieID, MovieName, Price, LanguageID, DirectorID, LocationID, GenreID, RatingID, ReleaseDate) values (341, 'Celebration, The (Festen)', '74.82', 1, 10, 18, 1, 21, '02/05/1916');
insert into Movie (MovieID, MovieName, Price, LanguageID, DirectorID, LocationID, GenreID, RatingID, ReleaseDate) values (483, 'Steak', '69.28', 1, 9, 14, 12, 10, '01/25/1954');
insert into Movie (MovieID, MovieName, Price, LanguageID, DirectorID, LocationID, GenreID, RatingID, ReleaseDate) values (239, 'Are All Men Pedophiles', '33.23', 7, 14, 17, 12, 9, '05/11/1974');
insert into Movie (MovieID, MovieName, Price, LanguageID, DirectorID, LocationID, GenreID, RatingID, ReleaseDate) values (265, 'This Is England', '57.99', 3, 7, 8, 1, 7, '05/14/1925');
insert into Movie (MovieID, MovieName, Price, LanguageID, DirectorID, LocationID, GenreID, RatingID, ReleaseDate) values (71, 'Easy Virtue', '68.04', 8, 14, 5, 16, 8, '08/28/2007');
insert into Movie (MovieID, MovieName, Price, LanguageID, DirectorID, LocationID, GenreID, RatingID, ReleaseDate) values (70, 'Heidi Fleiss: Hollywood Madam', '39.51', 7, 1, 10, 3, 8, '08/28/1922');
insert into Movie (MovieID, MovieName, Price, LanguageID, DirectorID, LocationID, GenreID, RatingID, ReleaseDate) values (318, 'Rum Diary, The', '77.82', 4, 7, 20, 15, 18, '08/18/2015');
insert into Movie (MovieID, MovieName, Price, LanguageID, DirectorID, LocationID, GenreID, RatingID, ReleaseDate) values (119, 'Devil Is a Woman, The', '64.51', 6, 20, 3, 1, 22, '05/05/1917');
insert into Movie (MovieID, MovieName, Price, LanguageID, DirectorID, LocationID, GenreID, RatingID, ReleaseDate) values (416, 'Tyler Perry''s Temptation: Confessions of a Marriage Counselor', '36.51', 5, 21, 7, 8, 22, '06/28/1974');
insert into Movie (MovieID, MovieName, Price, LanguageID, DirectorID, LocationID, GenreID, RatingID, ReleaseDate) values (315, 'Summer at Grandpa''s, A (Dong dong de jia qi)', '94.75', 2, 21, 18, 16, 5, '12/22/1909');
insert into Movie (MovieID, MovieName, Price, LanguageID, DirectorID, LocationID, GenreID, RatingID, ReleaseDate) values (439, 'Vikings, The', '89.72', 9, 6, 18, 13, 2, '07/16/1924');
insert into Movie (MovieID, MovieName, Price, LanguageID, DirectorID, LocationID, GenreID, RatingID, ReleaseDate) values (76, 'Raggedy Man', '73.76', 10, 21, 7, 17, 11, '03/29/1963');
insert into Movie (MovieID, MovieName, Price, LanguageID, DirectorID, LocationID, GenreID, RatingID, ReleaseDate) values (436, 'Bordertown', '71.24', 8, 8, 14, 13, 9, '01/12/1980');
insert into Movie (MovieID, MovieName, Price, LanguageID, DirectorID, LocationID, GenreID, RatingID, ReleaseDate) values (437, 'Glass House, The', '22.74', 5, 14, 8, 11, 14, '03/31/1905');
insert into Movie (MovieID, MovieName, Price, LanguageID, DirectorID, LocationID, GenreID, RatingID, ReleaseDate) values (451, 'Delicatessen', '94.35', 7, 10, 2, 5, 7, '12/21/1980');
insert into Movie (MovieID, MovieName, Price, LanguageID, DirectorID, LocationID, GenreID, RatingID, ReleaseDate) values (197, 'I Always Wanted to Be a Gangster (J''ai toujours rêvé d''être un gangster)', '68.41', 2, 10, 13, 12, 4, '03/31/1954');
insert into Movie (MovieID, MovieName, Price, LanguageID, DirectorID, LocationID, GenreID, RatingID, ReleaseDate) values (349, 'History of the Eagles', '82.48', 8, 8, 9, 3, 5, '10/10/2001');
insert into Movie (MovieID, MovieName, Price, LanguageID, DirectorID, LocationID, GenreID, RatingID, ReleaseDate) values (142, 'Deception', '65.04', 7, 6, 16, 6, 2, '11/22/1902');
insert into Movie (MovieID, MovieName, Price, LanguageID, DirectorID, LocationID, GenreID, RatingID, ReleaseDate) values (257, 'Rush Hour 3', '74.06', 6, 10, 13, 4, 5, '04/12/1944');
insert into Movie (MovieID, MovieName, Price, LanguageID, DirectorID, LocationID, GenreID, RatingID, ReleaseDate) values (271, 'Deal, The', '97.81', 7, 22, 5, 2, 25, '08/22/1950');
insert into Movie (MovieID, MovieName, Price, LanguageID, DirectorID, LocationID, GenreID, RatingID, ReleaseDate) values (49, 'We Steal Secrets: The Story of WikiLeaks', '29.06', 7, 5, 4, 16, 1, '11/22/2011');
insert into Movie (MovieID, MovieName, Price, LanguageID, DirectorID, LocationID, GenreID, RatingID, ReleaseDate) values (247, 'Follow That Dream', '41.30', 4, 5, 15, 11, 17, '03/13/1947');
insert into Movie (MovieID, MovieName, Price, LanguageID, DirectorID, LocationID, GenreID, RatingID, ReleaseDate) values (365, 'Fearless Freaks, The', '28.86', 3, 4, 12, 13, 1, '06/09/2001');
insert into Movie (MovieID, MovieName, Price, LanguageID, DirectorID, LocationID, GenreID, RatingID, ReleaseDate) values (166, 'Billy Bathgate', '99.74', 3, 19, 15, 17, 25, '07/09/1912');
insert into Movie (MovieID, MovieName, Price, LanguageID, DirectorID, LocationID, GenreID, RatingID, ReleaseDate) values (302, 'Miss Castaway and the Island Girls', '49.42', 3, 13, 8, 11, 25, '10/28/1905');
insert into Movie (MovieID, MovieName, Price, LanguageID, DirectorID, LocationID, GenreID, RatingID, ReleaseDate) values (475, 'Dracula A.D. 1972', '90.22', 4, 6, 12, 12, 7, '05/13/1917');
insert into Movie (MovieID, MovieName, Price, LanguageID, DirectorID, LocationID, GenreID, RatingID, ReleaseDate) values (459, 'Death of a Salesman', '63.34', 10, 16, 4, 6, 11, '04/22/2005');
insert into Movie (MovieID, MovieName, Price, LanguageID, DirectorID, LocationID, GenreID, RatingID, ReleaseDate) values (137, 'Those Daring Young Men in Their Jaunty Jalopies', '54.76', 9, 8, 17, 10, 2, '07/21/1915');
insert into Movie (MovieID, MovieName, Price, LanguageID, DirectorID, LocationID, GenreID, RatingID, ReleaseDate) values (110, 'Night of the Iguana, The', '47.11', 10, 3, 4, 17, 12, '08/30/1903');
insert into Movie (MovieID, MovieName, Price, LanguageID, DirectorID, LocationID, GenreID, RatingID, ReleaseDate) values (291, 'Last of England, The', '59.11', 3, 20, 11, 15, 10, '02/18/2016');
insert into Movie (MovieID, MovieName, Price, LanguageID, DirectorID, LocationID, GenreID, RatingID, ReleaseDate) values (290, 'Fright Night', '56.20', 10, 7, 11, 10, 1, '08/01/1975');
insert into Movie (MovieID, MovieName, Price, LanguageID, DirectorID, LocationID, GenreID, RatingID, ReleaseDate) values (300, 'Role/Play', '98.91', 2, 3, 19, 15, 9, '03/22/1992');
insert into Movie (MovieID, MovieName, Price, LanguageID, DirectorID, LocationID, GenreID, RatingID, ReleaseDate) values (228, 'El Escarabajo de Oro', '47.80', 7, 20, 16, 4, 3, '11/25/1905');
insert into Movie (MovieID, MovieName, Price, LanguageID, DirectorID, LocationID, GenreID, RatingID, ReleaseDate) values (51, 'Space Chimps', '63.25', 10, 4, 7, 5, 7, '02/24/1914');
insert into Movie (MovieID, MovieName, Price, LanguageID, DirectorID, LocationID, GenreID, RatingID, ReleaseDate) values (238, 'Lost Patrol, The', '59.39', 4, 12, 15, 15, 21, '05/24/1976');
insert into Movie (MovieID, MovieName, Price, LanguageID, DirectorID, LocationID, GenreID, RatingID, ReleaseDate) values (387, 'Grown Ups 2', '79.44', 1, 15, 17, 2, 3, '10/26/1949');
insert into Movie (MovieID, MovieName, Price, LanguageID, DirectorID, LocationID, GenreID, RatingID, ReleaseDate) values (175, 'Winter Sleepers (Winterschläfer)', '40.66', 6, 9, 12, 12, 7, '08/18/1944');
insert into Movie (MovieID, MovieName, Price, LanguageID, DirectorID, LocationID, GenreID, RatingID, ReleaseDate) values (2, 'From Russia with Love', '69.70', 9, 7, 12, 11, 8, '07/29/1904');
insert into Movie (MovieID, MovieName, Price, LanguageID, DirectorID, LocationID, GenreID, RatingID, ReleaseDate) values (131, 'Last Truck: Closing of a GM Plant, The', '35.88', 6, 3, 16, 9, 6, '01/11/2002');
insert into Movie (MovieID, MovieName, Price, LanguageID, DirectorID, LocationID, GenreID, RatingID, ReleaseDate) values (201, 'Upswing (Nousukausi)', '96.44', 6, 3, 11, 6, 3, '05/23/1994');
insert into Movie (MovieID, MovieName, Price, LanguageID, DirectorID, LocationID, GenreID, RatingID, ReleaseDate) values (466, 'Divorcing Jack', '62.77', 8, 12, 19, 5, 5, '07/30/1921');
insert into Movie (MovieID, MovieName, Price, LanguageID, DirectorID, LocationID, GenreID, RatingID, ReleaseDate) values (448, 'Wedding Song, The ', '86.82', 1, 16, 15, 16, 24, '06/26/1965');
insert into Movie (MovieID, MovieName, Price, LanguageID, DirectorID, LocationID, GenreID, RatingID, ReleaseDate) values (217, 'Safe', '50.27', 4, 21, 3, 14, 8, '01/20/1978');
insert into Movie (MovieID, MovieName, Price, LanguageID, DirectorID, LocationID, GenreID, RatingID, ReleaseDate) values (44, 'Last Valley, The', '25.68', 2, 17, 5, 6, 14, '11/05/1951');
insert into Movie (MovieID, MovieName, Price, LanguageID, DirectorID, LocationID, GenreID, RatingID, ReleaseDate) values (325, 'Haunting of Molly Hartley, The', '88.92', 9, 2, 5, 13, 6, '02/02/1910');
insert into Movie (MovieID, MovieName, Price, LanguageID, DirectorID, LocationID, GenreID, RatingID, ReleaseDate) values (216, 'Nightmare Before Christmas, The', '88.87', 3, 18, 9, 6, 12, '01/08/1949');
insert into Movie (MovieID, MovieName, Price, LanguageID, DirectorID, LocationID, GenreID, RatingID, ReleaseDate) values (370, 'Steel Helmet, The', '38.72', 8, 17, 7, 6, 18, '08/20/1969');
insert into Movie (MovieID, MovieName, Price, LanguageID, DirectorID, LocationID, GenreID, RatingID, ReleaseDate) values (399, 'Volga - Volga', '66.12', 2, 20, 4, 10, 21, '11/19/1948');
insert into Movie (MovieID, MovieName, Price, LanguageID, DirectorID, LocationID, GenreID, RatingID, ReleaseDate) values (148, 'Percy Jackson & the Olympians: The Lightning Thief', '34.18', 4, 18, 11, 13, 1, '03/10/1926');
insert into Movie (MovieID, MovieName, Price, LanguageID, DirectorID, LocationID, GenreID, RatingID, ReleaseDate) values (52, 'Trapped in Paradise', '57.14', 6, 15, 5, 7, 24, '06/03/1927');
insert into Movie (MovieID, MovieName, Price, LanguageID, DirectorID, LocationID, GenreID, RatingID, ReleaseDate) values (29, 'Guy Named Joe, A', '77.64', 5, 8, 2, 4, 6, '06/17/2014');
insert into Movie (MovieID, MovieName, Price, LanguageID, DirectorID, LocationID, GenreID, RatingID, ReleaseDate) values (436, 'Saints and Soldiers: The Void', '70.09', 6, 10, 10, 12, 21, '05/14/1929');
insert into Movie (MovieID, MovieName, Price, LanguageID, DirectorID, LocationID, GenreID, RatingID, ReleaseDate) values (366, 'Young Lions, The', '45.02', 6, 6, 8, 6, 13, '09/13/2002');
insert into Movie (MovieID, MovieName, Price, LanguageID, DirectorID, LocationID, GenreID, RatingID, ReleaseDate) values (499, 'Batman', '33.87', 2, 20, 14, 10, 21, '09/14/1932');
insert into Movie (MovieID, MovieName, Price, LanguageID, DirectorID, LocationID, GenreID, RatingID, ReleaseDate) values (497, 'Eraserhead', '82.35', 10, 22, 15, 12, 23, '12/19/1954');
insert into Movie (MovieID, MovieName, Price, LanguageID, DirectorID, LocationID, GenreID, RatingID, ReleaseDate) values (239, 'Enlightenment Guaranteed (Erleuchtung Garantiert)', '74.80', 5, 21, 17, 11, 18, '10/15/1952');
insert into Movie (MovieID, MovieName, Price, LanguageID, DirectorID, LocationID, GenreID, RatingID, ReleaseDate) values (192, 'Backflash (Backflash Blues)', '91.72', 9, 21, 4, 16, 9, '12/26/1999');
insert into Movie (MovieID, MovieName, Price, LanguageID, DirectorID, LocationID, GenreID, RatingID, ReleaseDate) values (244, 'Crocodile Dundee II', '54.23', 7, 22, 16, 5, 4, '11/06/1919');
insert into Movie (MovieID, MovieName, Price, LanguageID, DirectorID, LocationID, GenreID, RatingID, ReleaseDate) values (418, '35 and Ticking', '88.57', 9, 8, 5, 2, 23, '01/12/1991');
insert into Movie (MovieID, MovieName, Price, LanguageID, DirectorID, LocationID, GenreID, RatingID, ReleaseDate) values (376, 'Cat and the Canary, The', '98.19', 2, 14, 16, 5, 5, '01/26/1936');
insert into Movie (MovieID, MovieName, Price, LanguageID, DirectorID, LocationID, GenreID, RatingID, ReleaseDate) values (22, 'What Have You Done to Solange?', '90.03', 6, 5, 6, 13, 12, '11/23/1906');
insert into Movie (MovieID, MovieName, Price, LanguageID, DirectorID, LocationID, GenreID, RatingID, ReleaseDate) values (66, 'Hellraiser: Inferno', '21.94', 1, 5, 13, 10, 14, '07/14/1970');
insert into Movie (MovieID, MovieName, Price, LanguageID, DirectorID, LocationID, GenreID, RatingID, ReleaseDate) values (296, 'Loose Cannons (Mine vaganti)', '55.69', 10, 13, 3, 5, 12, '09/23/1968');
insert into Movie (MovieID, MovieName, Price, LanguageID, DirectorID, LocationID, GenreID, RatingID, ReleaseDate) values (393, 'Casual Sex?', '39.77', 10, 7, 3, 13, 23, '09/13/1914');
insert into Movie (MovieID, MovieName, Price, LanguageID, DirectorID, LocationID, GenreID, RatingID, ReleaseDate) values (378, 'Half Baked', '30.67', 9, 16, 20, 9, 17, '11/17/1990');
insert into Movie (MovieID, MovieName, Price, LanguageID, DirectorID, LocationID, GenreID, RatingID, ReleaseDate) values (288, 'Knight Without Armor', '26.63', 9, 13, 8, 3, 13, '07/30/1929');
insert into Movie (MovieID, MovieName, Price, LanguageID, DirectorID, LocationID, GenreID, RatingID, ReleaseDate) values (256, 'Ah of Life, The', '72.32', 2, 4, 17, 3, 20, '02/28/1913');
insert into Movie (MovieID, MovieName, Price, LanguageID, DirectorID, LocationID, GenreID, RatingID, ReleaseDate) values (134, 'Fatty Drives the Bus', '26.26', 2, 14, 18, 4, 16, '02/09/1927');
insert into Movie (MovieID, MovieName, Price, LanguageID, DirectorID, LocationID, GenreID, RatingID, ReleaseDate) values (79, 'Point of No Return', '20.96', 8, 16, 20, 12, 19, '08/26/1907');
insert into Movie (MovieID, MovieName, Price, LanguageID, DirectorID, LocationID, GenreID, RatingID, ReleaseDate) values (288, 'Taken 2', '64.45', 1, 21, 6, 5, 23, '04/18/2005');
insert into Movie (MovieID, MovieName, Price, LanguageID, DirectorID, LocationID, GenreID, RatingID, ReleaseDate) values (265, 'Simpatico', '66.75', 7, 5, 18, 16, 3, '08/04/1926');
insert into Movie (MovieID, MovieName, Price, LanguageID, DirectorID, LocationID, GenreID, RatingID, ReleaseDate) values (389, 'Embrace of the Vampire', '34.05', 3, 19, 20, 5, 20, '09/14/1975');
insert into Movie (MovieID, MovieName, Price, LanguageID, DirectorID, LocationID, GenreID, RatingID, ReleaseDate) values (113, 'Land That Time Forgot, The', '88.44', 1, 13, 9, 6, 17, '11/21/1979');
insert into Movie (MovieID, MovieName, Price, LanguageID, DirectorID, LocationID, GenreID, RatingID, ReleaseDate) values (377, 'Resurrected, The', '90.59', 7, 7, 4, 10, 12, '03/02/1973');
insert into Movie (MovieID, MovieName, Price, LanguageID, DirectorID, LocationID, GenreID, RatingID, ReleaseDate) values (336, 'Wedlock', '39.12', 1, 13, 5, 3, 6, '05/11/1913');
insert into Movie (MovieID, MovieName, Price, LanguageID, DirectorID, LocationID, GenreID, RatingID, ReleaseDate) values (354, 'Olympus Has Fallen', '81.07', 10, 19, 5, 11, 19, '04/29/1957');
insert into Movie (MovieID, MovieName, Price, LanguageID, DirectorID, LocationID, GenreID, RatingID, ReleaseDate) values (249, 'Lassie', '30.47', 2, 2, 16, 17, 15, '03/09/1960');
insert into Movie (MovieID, MovieName, Price, LanguageID, DirectorID, LocationID, GenreID, RatingID, ReleaseDate) values (353, 'Myriad of Lights (Lights of Ten Thousand Homes, The) (Wanjia denghuo)', '31.58', 8, 6, 19, 5, 16, '03/13/1937');
insert into Movie (MovieID, MovieName, Price, LanguageID, DirectorID, LocationID, GenreID, RatingID, ReleaseDate) values (38, 'Evelyn Prentice', '78.64', 8, 6, 9, 10, 12, '08/20/2010');
insert into Movie (MovieID, MovieName, Price, LanguageID, DirectorID, LocationID, GenreID, RatingID, ReleaseDate) values (116, 'Counselor, The', '88.97', 3, 13, 9, 13, 2, '09/03/1963');
insert into Movie (MovieID, MovieName, Price, LanguageID, DirectorID, LocationID, GenreID, RatingID, ReleaseDate) values (237, 'Han Gong-ju', '42.71', 1, 7, 9, 8, 17, '02/24/1923');
insert into Movie (MovieID, MovieName, Price, LanguageID, DirectorID, LocationID, GenreID, RatingID, ReleaseDate) values (128, 'On the Silver Globe (Na srebrnym globie)', '76.92', 8, 22, 5, 10, 19, '12/27/1983');
insert into Movie (MovieID, MovieName, Price, LanguageID, DirectorID, LocationID, GenreID, RatingID, ReleaseDate) values (314, 'Fugitives (Fugitivas)', '74.38', 6, 5, 17, 6, 19, '09/28/1972');
insert into Movie (MovieID, MovieName, Price, LanguageID, DirectorID, LocationID, GenreID, RatingID, ReleaseDate) values (241, 'Floods of Fear', '36.37', 10, 10, 14, 15, 3, '11/09/1982');
insert into Movie (MovieID, MovieName, Price, LanguageID, DirectorID, LocationID, GenreID, RatingID, ReleaseDate) values (274, 'Savages, The', '84.05', 10, 1, 13, 10, 13, '05/24/2014');
insert into Movie (MovieID, MovieName, Price, LanguageID, DirectorID, LocationID, GenreID, RatingID, ReleaseDate) values (231, 'Be Cool', '90.95', 2, 11, 5, 3, 7, '06/16/1963');
insert into Movie (MovieID, MovieName, Price, LanguageID, DirectorID, LocationID, GenreID, RatingID, ReleaseDate) values (205, 'C(r)ook (Basta - Rotwein Oder Totsein)', '31.42', 1, 15, 15, 3, 7, '10/22/1964');
insert into Movie (MovieID, MovieName, Price, LanguageID, DirectorID, LocationID, GenreID, RatingID, ReleaseDate) values (78, 'Sons of Katie Elder', '76.71', 3, 5, 18, 9, 12, '05/26/1971');
insert into Movie (MovieID, MovieName, Price, LanguageID, DirectorID, LocationID, GenreID, RatingID, ReleaseDate) values (43, '5 Broken Cameras', '88.56', 4, 14, 13, 9, 4, '03/23/1948');
insert into Movie (MovieID, MovieName, Price, LanguageID, DirectorID, LocationID, GenreID, RatingID, ReleaseDate) values (119, 'Last Bolshevik, The (Tombeau d''Alexandre, Le)', '60.07', 9, 19, 5, 5, 12, '08/19/1900');
insert into Movie (MovieID, MovieName, Price, LanguageID, DirectorID, LocationID, GenreID, RatingID, ReleaseDate) values (76, 'Quiet City', '20.08', 2, 8, 14, 7, 10, '01/28/1946');
insert into Movie (MovieID, MovieName, Price, LanguageID, DirectorID, LocationID, GenreID, RatingID, ReleaseDate) values (98, 'Angel-A', '43.36', 2, 14, 8, 9, 1, '07/28/1964');
insert into Movie (MovieID, MovieName, Price, LanguageID, DirectorID, LocationID, GenreID, RatingID, ReleaseDate) values (125, 'Nothing About Robert (Rien sur Robert)', '78.76', 3, 14, 18, 9, 10, '04/04/1958');
insert into Movie (MovieID, MovieName, Price, LanguageID, DirectorID, LocationID, GenreID, RatingID, ReleaseDate) values (364, 'Lucky Luke: The Ballad of the Daltons', '26.06', 8, 22, 2, 16, 18, '08/31/1983');
insert into Movie (MovieID, MovieName, Price, LanguageID, DirectorID, LocationID, GenreID, RatingID, ReleaseDate) values (314, 'Where Is the Friend''s Home? (Where Is My Friend''s House?) (Khane-ye doust kodjast?)', '42.03', 9, 16, 7, 15, 14, '08/21/1960');
insert into Movie (MovieID, MovieName, Price, LanguageID, DirectorID, LocationID, GenreID, RatingID, ReleaseDate) values (417, '51 Birch Street', '64.23', 10, 13, 15, 15, 15, '06/05/1918');
insert into Movie (MovieID, MovieName, Price, LanguageID, DirectorID, LocationID, GenreID, RatingID, ReleaseDate) values (243, 'Wonderful World', '98.91', 1, 3, 12, 1, 1, '08/29/1930');
insert into Movie (MovieID, MovieName, Price, LanguageID, DirectorID, LocationID, GenreID, RatingID, ReleaseDate) values (325, 'Flight', '48.62', 9, 8, 3, 2, 22, '04/07/1911');
insert into Movie (MovieID, MovieName, Price, LanguageID, DirectorID, LocationID, GenreID, RatingID, ReleaseDate) values (348, 'Black Hole, The', '23.96', 4, 10, 20, 7, 13, '09/08/1953');
insert into Movie (MovieID, MovieName, Price, LanguageID, DirectorID, LocationID, GenreID, RatingID, ReleaseDate) values (189, 'Vacuum-Cleaner Salesmen (Pölynimurikauppiaat)', '96.05', 9, 6, 10, 17, 7, '08/28/1978');
insert into Movie (MovieID, MovieName, Price, LanguageID, DirectorID, LocationID, GenreID, RatingID, ReleaseDate) values (132, 'House of Women', '80.09', 2, 10, 16, 3, 23, '02/16/1948');
insert into Movie (MovieID, MovieName, Price, LanguageID, DirectorID, LocationID, GenreID, RatingID, ReleaseDate) values (411, 'Wild Parrots of Telegraph Hill, The', '87.46', 6, 17, 15, 1, 23, '07/11/1948');
insert into Movie (MovieID, MovieName, Price, LanguageID, DirectorID, LocationID, GenreID, RatingID, ReleaseDate) values (450, 'Dots', '47.89', 1, 20, 8, 2, 25, '07/14/1986');
insert into Movie (MovieID, MovieName, Price, LanguageID, DirectorID, LocationID, GenreID, RatingID, ReleaseDate) values (286, 'Like Crazy', '59.18', 8, 7, 5, 13, 20, '11/25/1993');
insert into Movie (MovieID, MovieName, Price, LanguageID, DirectorID, LocationID, GenreID, RatingID, ReleaseDate) values (432, 'Ballplayer: Pelotero', '54.26', 9, 1, 3, 4, 3, '04/01/1960');
insert into Movie (MovieID, MovieName, Price, LanguageID, DirectorID, LocationID, GenreID, RatingID, ReleaseDate) values (274, 'Soul Men', '66.79', 8, 2, 7, 1, 8, '01/26/1963');
insert into Movie (MovieID, MovieName, Price, LanguageID, DirectorID, LocationID, GenreID, RatingID, ReleaseDate) values (494, 'Return of the Living Dead Part II', '34.09', 7, 15, 11, 15, 19, '03/01/1991');
insert into Movie (MovieID, MovieName, Price, LanguageID, DirectorID, LocationID, GenreID, RatingID, ReleaseDate) values (206, 'Kung Fu Panda Holiday Special', '27.20', 9, 6, 5, 13, 8, '05/15/1919');
insert into Movie (MovieID, MovieName, Price, LanguageID, DirectorID, LocationID, GenreID, RatingID, ReleaseDate) values (1, 'Invitation to a Gunfighter', '24.60', 2, 2, 20, 9, 20, '03/08/1973');
insert into Movie (MovieID, MovieName, Price, LanguageID, DirectorID, LocationID, GenreID, RatingID, ReleaseDate) values (432, 'Alligator Eyes', '72.79', 8, 15, 14, 4, 24, '10/30/1952');
insert into Movie (MovieID, MovieName, Price, LanguageID, DirectorID, LocationID, GenreID, RatingID, ReleaseDate) values (229, 'Mare Nostrum', '53.50', 2, 2, 11, 9, 25, '10/22/1957');
insert into Movie (MovieID, MovieName, Price, LanguageID, DirectorID, LocationID, GenreID, RatingID, ReleaseDate) values (338, 'Little Man Tate', '48.15', 4, 14, 12, 1, 9, '02/20/2014');
insert into Movie (MovieID, MovieName, Price, LanguageID, DirectorID, LocationID, GenreID, RatingID, ReleaseDate) values (20, 'Matrix Revolutions, The', '81.16', 10, 10, 12, 3, 12, '10/26/1985');
insert into Movie (MovieID, MovieName, Price, LanguageID, DirectorID, LocationID, GenreID, RatingID, ReleaseDate) values (205, 'New York Minute', '25.61', 7, 14, 20, 14, 2, '12/14/2014');
insert into Movie (MovieID, MovieName, Price, LanguageID, DirectorID, LocationID, GenreID, RatingID, ReleaseDate) values (138, 'Lovers of Hate', '41.01', 8, 10, 20, 10, 14, '01/15/1936');
insert into Movie (MovieID, MovieName, Price, LanguageID, DirectorID, LocationID, GenreID, RatingID, ReleaseDate) values (435, 'Fame', '84.36', 6, 11, 17, 10, 3, '01/02/1910');
insert into Movie (MovieID, MovieName, Price, LanguageID, DirectorID, LocationID, GenreID, RatingID, ReleaseDate) values (118, 'Spaceballs', '95.96', 2, 12, 11, 3, 13, '03/21/2016');
insert into Movie (MovieID, MovieName, Price, LanguageID, DirectorID, LocationID, GenreID, RatingID, ReleaseDate) values (168, 'Space Chimps', '74.87', 1, 21, 1, 13, 2, '12/29/1992');
insert into Movie (MovieID, MovieName, Price, LanguageID, DirectorID, LocationID, GenreID, RatingID, ReleaseDate) values (192, 'I Capture the Castle', '27.41', 3, 9, 9, 6, 23, '03/02/1965');
insert into Movie (MovieID, MovieName, Price, LanguageID, DirectorID, LocationID, GenreID, RatingID, ReleaseDate) values (50, 'It''s All Gone Pete Tong', '60.17', 9, 3, 14, 15, 1, '04/17/1970');
insert into Movie (MovieID, MovieName, Price, LanguageID, DirectorID, LocationID, GenreID, RatingID, ReleaseDate) values (433, 'Contact High', '66.45', 10, 15, 4, 3, 16, '03/04/1975');
insert into Movie (MovieID, MovieName, Price, LanguageID, DirectorID, LocationID, GenreID, RatingID, ReleaseDate) values (414, 'Love in the Time of Cholera', '64.03', 9, 19, 2, 14, 1, '01/27/2018');
insert into Movie (MovieID, MovieName, Price, LanguageID, DirectorID, LocationID, GenreID, RatingID, ReleaseDate) values (127, 'Aces and Eights', '67.47', 4, 5, 2, 3, 23, '06/16/1938');
insert into Movie (MovieID, MovieName, Price, LanguageID, DirectorID, LocationID, GenreID, RatingID, ReleaseDate) values (38, 'You Will Meet a Tall Dark Stranger', '36.87', 4, 19, 6, 13, 6, '04/20/1961');
insert into Movie (MovieID, MovieName, Price, LanguageID, DirectorID, LocationID, GenreID, RatingID, ReleaseDate) values (443, 'Eternity and a Day (Mia aoniotita kai mia mera)', '56.44', 9, 9, 1, 6, 11, '07/28/1998');
insert into Movie (MovieID, MovieName, Price, LanguageID, DirectorID, LocationID, GenreID, RatingID, ReleaseDate) values (421, 'Thor: The Dark World', '85.86', 8, 18, 8, 17, 18, '07/26/1938');
insert into Movie (MovieID, MovieName, Price, LanguageID, DirectorID, LocationID, GenreID, RatingID, ReleaseDate) values (92, 'Feed', '28.52', 6, 17, 18, 8, 6, '07/03/1984');
insert into Movie (MovieID, MovieName, Price, LanguageID, DirectorID, LocationID, GenreID, RatingID, ReleaseDate) values (263, 'Unlawful Killing', '97.70', 2, 21, 13, 10, 22, '09/12/1947');
insert into Movie (MovieID, MovieName, Price, LanguageID, DirectorID, LocationID, GenreID, RatingID, ReleaseDate) values (430, 'Breakout', '61.75', 5, 21, 14, 14, 5, '10/01/1951');
insert into Movie (MovieID, MovieName, Price, LanguageID, DirectorID, LocationID, GenreID, RatingID, ReleaseDate) values (129, 'Belly of the Beast', '48.72', 9, 7, 2, 5, 11, '03/05/1958');
insert into Movie (MovieID, MovieName, Price, LanguageID, DirectorID, LocationID, GenreID, RatingID, ReleaseDate) values (212, 'Hot Shots! Part Deux', '77.27', 4, 17, 18, 3, 11, '07/30/1928');
insert into Movie (MovieID, MovieName, Price, LanguageID, DirectorID, LocationID, GenreID, RatingID, ReleaseDate) values (387, 'Noises Off...', '33.10', 4, 15, 6, 17, 20, '02/10/1915');
insert into Movie (MovieID, MovieName, Price, LanguageID, DirectorID, LocationID, GenreID, RatingID, ReleaseDate) values (321, 'Anna', '39.35', 9, 3, 1, 11, 17, '10/21/1968');
insert into Movie (MovieID, MovieName, Price, LanguageID, DirectorID, LocationID, GenreID, RatingID, ReleaseDate) values (62, 'Empire of Silver (Bai yin di guo)', '30.93', 3, 15, 3, 5, 1, '02/10/1915');
insert into Movie (MovieID, MovieName, Price, LanguageID, DirectorID, LocationID, GenreID, RatingID, ReleaseDate) values (195, 'Paisan (Paisà)', '98.65', 3, 20, 20, 9, 14, '01/03/1988');
insert into Movie (MovieID, MovieName, Price, LanguageID, DirectorID, LocationID, GenreID, RatingID, ReleaseDate) values (105, 'Anonymous', '65.78', 1, 14, 7, 10, 4, '09/06/2001');
insert into Movie (MovieID, MovieName, Price, LanguageID, DirectorID, LocationID, GenreID, RatingID, ReleaseDate) values (225, 'Ween Live in Chicago', '99.46', 9, 22, 8, 7, 22, '11/09/1900');
insert into Movie (MovieID, MovieName, Price, LanguageID, DirectorID, LocationID, GenreID, RatingID, ReleaseDate) values (417, 'Electra, My Love (Szerelmem, Elektra)', '23.24', 1, 14, 1, 7, 9, '02/09/1923');
insert into Movie (MovieID, MovieName, Price, LanguageID, DirectorID, LocationID, GenreID, RatingID, ReleaseDate) values (41, 'A Coming-Out Party', '90.86', 1, 5, 4, 5, 6, '11/30/1987');
insert into Movie (MovieID, MovieName, Price, LanguageID, DirectorID, LocationID, GenreID, RatingID, ReleaseDate) values (92, 'They Call Me Mister Tibbs!', '96.34', 9, 7, 4, 4, 11, '04/04/1938');
insert into Movie (MovieID, MovieName, Price, LanguageID, DirectorID, LocationID, GenreID, RatingID, ReleaseDate) values (94, 'Bridge of Dragons', '47.86', 10, 9, 9, 16, 7, '10/14/1929');
insert into Movie (MovieID, MovieName, Price, LanguageID, DirectorID, LocationID, GenreID, RatingID, ReleaseDate) values (73, 'Clouds of Sils Maria', '27.62', 9, 3, 8, 6, 21, '11/14/1937');
insert into Movie (MovieID, MovieName, Price, LanguageID, DirectorID, LocationID, GenreID, RatingID, ReleaseDate) values (204, 'Damnation Alley', '56.81', 1, 14, 3, 9, 24, '01/11/1931');
insert into Movie (MovieID, MovieName, Price, LanguageID, DirectorID, LocationID, GenreID, RatingID, ReleaseDate) values (431, 'Bullet for the General, A (Quién Sabe?)', '57.10', 3, 19, 6, 8, 21, '04/08/1931');
insert into Movie (MovieID, MovieName, Price, LanguageID, DirectorID, LocationID, GenreID, RatingID, ReleaseDate) values (140, 'Life of Another, The (La vie d''une autre)', '93.87', 7, 9, 17, 16, 25, '05/07/1951');
insert into Movie (MovieID, MovieName, Price, LanguageID, DirectorID, LocationID, GenreID, RatingID, ReleaseDate) values (303, 'Wrong Turn 2: Dead End', '55.31', 7, 10, 15, 5, 22, '09/28/1962');
insert into Movie (MovieID, MovieName, Price, LanguageID, DirectorID, LocationID, GenreID, RatingID, ReleaseDate) values (102, 'Unreal Dream: The Michael Morton Story, An', '81.16', 4, 2, 20, 2, 24, '12/18/1922');
insert into Movie (MovieID, MovieName, Price, LanguageID, DirectorID, LocationID, GenreID, RatingID, ReleaseDate) values (372, 'Rage of Angels: The Story Continues', '28.21', 8, 16, 20, 15, 11, '05/28/1960');
insert into Movie (MovieID, MovieName, Price, LanguageID, DirectorID, LocationID, GenreID, RatingID, ReleaseDate) values (453, 'Tree of Life, The', '89.64', 6, 3, 19, 10, 18, '11/20/1967');
insert into Movie (MovieID, MovieName, Price, LanguageID, DirectorID, LocationID, GenreID, RatingID, ReleaseDate) values (465, 'Ascent of Money, The', '59.41', 8, 9, 18, 15, 17, '05/15/1996');
insert into Movie (MovieID, MovieName, Price, LanguageID, DirectorID, LocationID, GenreID, RatingID, ReleaseDate) values (42, 'Quartier Mozart', '40.19', 2, 22, 15, 10, 1, '05/26/2012');
insert into Movie (MovieID, MovieName, Price, LanguageID, DirectorID, LocationID, GenreID, RatingID, ReleaseDate) values (297, 'Léon: The Professional (a.k.a. The Professional) (Léon)', '99.65', 2, 19, 9, 14, 13, '08/01/1927');
insert into Movie (MovieID, MovieName, Price, LanguageID, DirectorID, LocationID, GenreID, RatingID, ReleaseDate) values (445, 'Rapid Fire', '64.85', 10, 6, 6, 1, 13, '10/31/1953');
insert into Movie (MovieID, MovieName, Price, LanguageID, DirectorID, LocationID, GenreID, RatingID, ReleaseDate) values (421, 'Santa''s Slay', '21.16', 8, 5, 17, 10, 11, '11/04/1967');
insert into Movie (MovieID, MovieName, Price, LanguageID, DirectorID, LocationID, GenreID, RatingID, ReleaseDate) values (395, 'Girl on a Motorcycle, The', '79.88', 2, 2, 7, 11, 10, '11/17/1906');
insert into Movie (MovieID, MovieName, Price, LanguageID, DirectorID, LocationID, GenreID, RatingID, ReleaseDate) values (375, 'To Each His Own', '81.59', 8, 19, 9, 17, 25, '02/18/1953');
insert into Movie (MovieID, MovieName, Price, LanguageID, DirectorID, LocationID, GenreID, RatingID, ReleaseDate) values (90, 'Vie meilleure, Une (Better Life, A)', '68.42', 9, 3, 10, 3, 9, '12/15/1986');
insert into Movie (MovieID, MovieName, Price, LanguageID, DirectorID, LocationID, GenreID, RatingID, ReleaseDate) values (358, 'Viva', '80.52', 8, 3, 14, 1, 15, '10/25/1983');
insert into Movie (MovieID, MovieName, Price, LanguageID, DirectorID, LocationID, GenreID, RatingID, ReleaseDate) values (366, 'Jay And Silent Bob''s Super Groovy Cartoon Movie', '72.73', 3, 19, 10, 15, 25, '11/15/1939');
insert into Movie (MovieID, MovieName, Price, LanguageID, DirectorID, LocationID, GenreID, RatingID, ReleaseDate) values (477, 'Bachelorette', '80.62', 8, 2, 12, 17, 18, '06/29/1968');
insert into Movie (MovieID, MovieName, Price, LanguageID, DirectorID, LocationID, GenreID, RatingID, ReleaseDate) values (170, 'Cheech & Chong''s Nice Dreams', '93.86', 1, 2, 2, 11, 15, '06/28/1966');
insert into Movie (MovieID, MovieName, Price, LanguageID, DirectorID, LocationID, GenreID, RatingID, ReleaseDate) values (76, 'Saw VII 3D - The Final Chapter', '72.32', 3, 21, 10, 17, 2, '03/28/1982');
insert into Movie (MovieID, MovieName, Price, LanguageID, DirectorID, LocationID, GenreID, RatingID, ReleaseDate) values (103, 'Story of Yonosuke, A (Yokomichi Yonosuke)', '55.94', 8, 10, 12, 12, 20, '04/18/1925');
insert into Movie (MovieID, MovieName, Price, LanguageID, DirectorID, LocationID, GenreID, RatingID, ReleaseDate) values (308, 'Thief of Bagdad, The', '97.47', 6, 3, 13, 13, 5, '10/05/1996');
insert into Movie (MovieID, MovieName, Price, LanguageID, DirectorID, LocationID, GenreID, RatingID, ReleaseDate) values (241, 'Taste the Blood of Dracula', '91.17', 7, 17, 4, 9, 17, '11/14/1980');
insert into Movie (MovieID, MovieName, Price, LanguageID, DirectorID, LocationID, GenreID, RatingID, ReleaseDate) values (78, 'Musa the Warrior (Musa)', '40.57', 3, 20, 14, 9, 19, '08/29/1941');
insert into Movie (MovieID, MovieName, Price, LanguageID, DirectorID, LocationID, GenreID, RatingID, ReleaseDate) values (153, 'Kansas Raiders', '23.31', 4, 19, 19, 3, 10, '11/18/2015');
insert into Movie (MovieID, MovieName, Price, LanguageID, DirectorID, LocationID, GenreID, RatingID, ReleaseDate) values (473, 'Goon', '24.89', 8, 11, 13, 17, 12, '07/23/1910');
insert into Movie (MovieID, MovieName, Price, LanguageID, DirectorID, LocationID, GenreID, RatingID, ReleaseDate) values (339, 'Bertsolari', '32.26', 9, 5, 4, 9, 24, '07/02/1947');
insert into Movie (MovieID, MovieName, Price, LanguageID, DirectorID, LocationID, GenreID, RatingID, ReleaseDate) values (375, 'Friday the 13th Part VIII: Jason Takes Manhattan', '77.05', 1, 15, 19, 9, 3, '10/31/1973');
insert into Movie (MovieID, MovieName, Price, LanguageID, DirectorID, LocationID, GenreID, RatingID, ReleaseDate) values (485, '66 Scenes From America', '32.07', 3, 3, 6, 2, 3, '12/16/1901');
insert into Movie (MovieID, MovieName, Price, LanguageID, DirectorID, LocationID, GenreID, RatingID, ReleaseDate) values (430, 'Microphone', '97.57', 4, 12, 19, 5, 16, '12/09/1962');
insert into Movie (MovieID, MovieName, Price, LanguageID, DirectorID, LocationID, GenreID, RatingID, ReleaseDate) values (175, 'Flowers of St. Francis (Francesco, giullare di Dio)', '28.06', 1, 6, 14, 4, 10, '06/03/1926');
insert into Movie (MovieID, MovieName, Price, LanguageID, DirectorID, LocationID, GenreID, RatingID, ReleaseDate) values (42, 'D.L. Hughley: Reset', '21.23', 7, 17, 18, 10, 2, '10/24/1967');
insert into Movie (MovieID, MovieName, Price, LanguageID, DirectorID, LocationID, GenreID, RatingID, ReleaseDate) values (139, 'Dylan Moran: Like, Totally', '47.69', 4, 9, 6, 17, 18, '04/04/1969');
insert into Movie (MovieID, MovieName, Price, LanguageID, DirectorID, LocationID, GenreID, RatingID, ReleaseDate) values (292, 'Hunter, The', '42.76', 7, 15, 14, 10, 11, '10/01/1994');
insert into Movie (MovieID, MovieName, Price, LanguageID, DirectorID, LocationID, GenreID, RatingID, ReleaseDate) values (186, 'Inescapable', '26.24', 6, 12, 9, 17, 17, '12/15/1908');
insert into Movie (MovieID, MovieName, Price, LanguageID, DirectorID, LocationID, GenreID, RatingID, ReleaseDate) values (382, 'Burnt Money (Plata Quemada)', '44.92', 3, 19, 8, 6, 19, '08/29/1960');
insert into Movie (MovieID, MovieName, Price, LanguageID, DirectorID, LocationID, GenreID, RatingID, ReleaseDate) values (253, 'Pittsburgh', '23.97', 1, 3, 17, 9, 4, '03/15/1937');
insert into Movie (MovieID, MovieName, Price, LanguageID, DirectorID, LocationID, GenreID, RatingID, ReleaseDate) values (297, 'Little Nikita', '90.82', 8, 22, 17, 8, 19, '07/29/1913');
insert into Movie (MovieID, MovieName, Price, LanguageID, DirectorID, LocationID, GenreID, RatingID, ReleaseDate) values (423, 'Shoppen ', '47.79', 6, 9, 10, 7, 18, '04/16/1924');
insert into Movie (MovieID, MovieName, Price, LanguageID, DirectorID, LocationID, GenreID, RatingID, ReleaseDate) values (213, 'Night, The (Notte, La)', '79.91', 8, 17, 5, 8, 9, '04/11/2013');
insert into Movie (MovieID, MovieName, Price, LanguageID, DirectorID, LocationID, GenreID, RatingID, ReleaseDate) values (351, 'Gardens of Stone', '38.86', 6, 8, 11, 9, 1, '06/27/1972');
insert into Movie (MovieID, MovieName, Price, LanguageID, DirectorID, LocationID, GenreID, RatingID, ReleaseDate) values (21, 'Bhaji on the Beach', '38.92', 6, 14, 4, 12, 24, '11/30/1928');
insert into Movie (MovieID, MovieName, Price, LanguageID, DirectorID, LocationID, GenreID, RatingID, ReleaseDate) values (415, 'Sons of Katie Elder', '93.86', 1, 7, 1, 7, 19, '05/20/2010');
insert into Movie (MovieID, MovieName, Price, LanguageID, DirectorID, LocationID, GenreID, RatingID, ReleaseDate) values (206, 'Seven Little Foys, The', '35.87', 8, 6, 18, 17, 6, '03/09/1957');
insert into Movie (MovieID, MovieName, Price, LanguageID, DirectorID, LocationID, GenreID, RatingID, ReleaseDate) values (101, 'Hudsucker Proxy, The', '67.09', 10, 2, 4, 10, 18, '05/13/1944');
insert into Movie (MovieID, MovieName, Price, LanguageID, DirectorID, LocationID, GenreID, RatingID, ReleaseDate) values (470, 'Tapia', '53.51', 3, 18, 10, 5, 21, '06/27/1915');
insert into Movie (MovieID, MovieName, Price, LanguageID, DirectorID, LocationID, GenreID, RatingID, ReleaseDate) values (92, 'Indian in the Cupboard, The', '84.10', 4, 2, 12, 13, 1, '01/25/1959');
insert into Movie (MovieID, MovieName, Price, LanguageID, DirectorID, LocationID, GenreID, RatingID, ReleaseDate) values (497, 'Incubus', '22.76', 4, 4, 15, 3, 11, '10/14/1915');
insert into Movie (MovieID, MovieName, Price, LanguageID, DirectorID, LocationID, GenreID, RatingID, ReleaseDate) values (105, 'Road to Nowhere', '85.91', 4, 21, 15, 14, 20, '07/21/1964');
insert into Movie (MovieID, MovieName, Price, LanguageID, DirectorID, LocationID, GenreID, RatingID, ReleaseDate) values (293, 'All for the Winner (Dou sing)', '63.01', 1, 16, 8, 11, 23, '08/08/1998');
insert into Movie (MovieID, MovieName, Price, LanguageID, DirectorID, LocationID, GenreID, RatingID, ReleaseDate) values (185, 'Birth of the Living Dead', '39.63', 1, 7, 15, 4, 25, '09/16/1988');
insert into Movie (MovieID, MovieName, Price, LanguageID, DirectorID, LocationID, GenreID, RatingID, ReleaseDate) values (489, 'Detroit', '99.28', 10, 8, 16, 1, 2, '01/19/1968');
insert into Movie (MovieID, MovieName, Price, LanguageID, DirectorID, LocationID, GenreID, RatingID, ReleaseDate) values (373, 'Dangerous Liaisons', '70.16', 4, 6, 5, 14, 20, '05/05/1900');
insert into Movie (MovieID, MovieName, Price, LanguageID, DirectorID, LocationID, GenreID, RatingID, ReleaseDate) values (77, 'Zatoichi on the Road (Zatôichi kenka-tabi) (Zatôichi 5)', '65.40', 1, 22, 8, 2, 9, '10/14/2017');
insert into Movie (MovieID, MovieName, Price, LanguageID, DirectorID, LocationID, GenreID, RatingID, ReleaseDate) values (128, 'World Traveler', '90.11', 6, 13, 18, 5, 3, '11/15/1960');
insert into Movie (MovieID, MovieName, Price, LanguageID, DirectorID, LocationID, GenreID, RatingID, ReleaseDate) values (57, 'Painted Veil, The', '33.55', 9, 15, 17, 6, 5, '02/09/1937');
insert into Movie (MovieID, MovieName, Price, LanguageID, DirectorID, LocationID, GenreID, RatingID, ReleaseDate) values (373, 'Angry Silence, The', '96.38', 1, 17, 5, 16, 12, '10/22/2008');
insert into Movie (MovieID, MovieName, Price, LanguageID, DirectorID, LocationID, GenreID, RatingID, ReleaseDate) values (163, 'Only Angels Have Wings', '20.17', 2, 7, 8, 14, 6, '07/24/1901');
insert into Movie (MovieID, MovieName, Price, LanguageID, DirectorID, LocationID, GenreID, RatingID, ReleaseDate) values (30, 'Foosball (Metegol)', '78.20', 5, 15, 6, 11, 1, '09/27/1921');
insert into Movie (MovieID, MovieName, Price, LanguageID, DirectorID, LocationID, GenreID, RatingID, ReleaseDate) values (119, 'Great Diamond Robbery, The', '86.43', 9, 5, 12, 5, 21, '02/08/1930');
insert into Movie (MovieID, MovieName, Price, LanguageID, DirectorID, LocationID, GenreID, RatingID, ReleaseDate) values (377, 'Alice in Wonderland', '91.02', 6, 2, 3, 5, 1, '01/09/1949');
insert into Movie (MovieID, MovieName, Price, LanguageID, DirectorID, LocationID, GenreID, RatingID, ReleaseDate) values (259, 'Greatest, The', '73.73', 9, 4, 17, 4, 4, '08/12/1926');
insert into Movie (MovieID, MovieName, Price, LanguageID, DirectorID, LocationID, GenreID, RatingID, ReleaseDate) values (22, 'Attack the Gas Station! (Juyuso seubgyuksageun)', '76.72', 10, 11, 11, 1, 24, '07/21/1971');
insert into Movie (MovieID, MovieName, Price, LanguageID, DirectorID, LocationID, GenreID, RatingID, ReleaseDate) values (51, 'Loosies', '22.48', 8, 3, 3, 4, 25, '11/10/1965');
insert into Movie (MovieID, MovieName, Price, LanguageID, DirectorID, LocationID, GenreID, RatingID, ReleaseDate) values (300, 'Chris Rock: Bigger & Blacker', '25.33', 10, 7, 13, 14, 12, '05/13/1977');
insert into Movie (MovieID, MovieName, Price, LanguageID, DirectorID, LocationID, GenreID, RatingID, ReleaseDate) values (59, 'Sniper 2', '93.49', 10, 12, 5, 5, 21, '08/24/1954');
insert into Movie (MovieID, MovieName, Price, LanguageID, DirectorID, LocationID, GenreID, RatingID, ReleaseDate) values (72, 'Witch Hunt', '51.81', 10, 6, 19, 12, 12, '09/05/2011');
insert into Movie (MovieID, MovieName, Price, LanguageID, DirectorID, LocationID, GenreID, RatingID, ReleaseDate) values (60, 'Jeepers Creepers', '99.85', 5, 1, 5, 12, 21, '04/20/1958');
insert into Movie (MovieID, MovieName, Price, LanguageID, DirectorID, LocationID, GenreID, RatingID, ReleaseDate) values (127, 'Once Upon a Time in America', '67.59', 1, 2, 6, 15, 19, '06/20/2012');
insert into Movie (MovieID, MovieName, Price, LanguageID, DirectorID, LocationID, GenreID, RatingID, ReleaseDate) values (235, 'Weekend at Bernie''s II', '69.76', 2, 21, 13, 14, 8, '06/27/1941');
insert into Movie (MovieID, MovieName, Price, LanguageID, DirectorID, LocationID, GenreID, RatingID, ReleaseDate) values (490, 'Belle and Sebastien (Belle et Sébastien)', '70.80', 5, 12, 6, 14, 7, '02/28/1934');
insert into Movie (MovieID, MovieName, Price, LanguageID, DirectorID, LocationID, GenreID, RatingID, ReleaseDate) values (342, 'Nine Dead Gay Guys', '53.96', 2, 14, 16, 13, 25, '02/17/1928');
insert into Movie (MovieID, MovieName, Price, LanguageID, DirectorID, LocationID, GenreID, RatingID, ReleaseDate) values (4, 'Humboldt County', '25.89', 6, 22, 1, 2, 22, '06/17/1913');
insert into Movie (MovieID, MovieName, Price, LanguageID, DirectorID, LocationID, GenreID, RatingID, ReleaseDate) values (363, 'Catechism Cataclysm, The', '24.83', 8, 2, 17, 7, 23, '05/25/1948');
insert into Movie (MovieID, MovieName, Price, LanguageID, DirectorID, LocationID, GenreID, RatingID, ReleaseDate) values (492, 'Total Eclipse', '25.30', 2, 19, 20, 8, 21, '08/31/1938');
insert into Movie (MovieID, MovieName, Price, LanguageID, DirectorID, LocationID, GenreID, RatingID, ReleaseDate) values (90, 'London Conspiracy', '56.16', 6, 21, 9, 12, 17, '06/23/2001');
insert into Movie (MovieID, MovieName, Price, LanguageID, DirectorID, LocationID, GenreID, RatingID, ReleaseDate) values (29, 'Man of the Year', '86.61', 4, 2, 4, 15, 6, '10/22/1923');
insert into Movie (MovieID, MovieName, Price, LanguageID, DirectorID, LocationID, GenreID, RatingID, ReleaseDate) values (371, 'Ned Kelly', '93.82', 4, 8, 2, 4, 19, '05/23/2009');
insert into Movie (MovieID, MovieName, Price, LanguageID, DirectorID, LocationID, GenreID, RatingID, ReleaseDate) values (82, 'Castle, The', '48.39', 2, 5, 2, 15, 14, '01/01/1963');
insert into Movie (MovieID, MovieName, Price, LanguageID, DirectorID, LocationID, GenreID, RatingID, ReleaseDate) values (275, 'Paintball', '27.43', 8, 14, 13, 6, 9, '05/30/1929');
insert into Movie (MovieID, MovieName, Price, LanguageID, DirectorID, LocationID, GenreID, RatingID, ReleaseDate) values (277, 'Electric Dragon 80.000 V', '84.32', 10, 15, 8, 16, 16, '02/02/1925');
insert into Movie (MovieID, MovieName, Price, LanguageID, DirectorID, LocationID, GenreID, RatingID, ReleaseDate) values (239, 'Unspeakable Act, The', '96.14', 2, 19, 6, 10, 22, '09/23/1907');
insert into Movie (MovieID, MovieName, Price, LanguageID, DirectorID, LocationID, GenreID, RatingID, ReleaseDate) values (240, 'D.O.A.', '80.49', 4, 4, 16, 8, 7, '01/16/1901');
insert into Movie (MovieID, MovieName, Price, LanguageID, DirectorID, LocationID, GenreID, RatingID, ReleaseDate) values (54, 'Quick and the Dead, The', '86.33', 3, 2, 13, 16, 3, '08/20/1980');
insert into Movie (MovieID, MovieName, Price, LanguageID, DirectorID, LocationID, GenreID, RatingID, ReleaseDate) values (152, 'Hercules and the Lost Kingdom', '59.24', 8, 21, 8, 3, 17, '11/12/1960');
insert into Movie (MovieID, MovieName, Price, LanguageID, DirectorID, LocationID, GenreID, RatingID, ReleaseDate) values (38, 'Small Soldiers', '77.86', 2, 4, 18, 12, 19, '02/04/1961');
insert into Movie (MovieID, MovieName, Price, LanguageID, DirectorID, LocationID, GenreID, RatingID, ReleaseDate) values (212, 'Son in Law', '57.84', 7, 1, 2, 7, 5, '03/16/2001');
insert into Movie (MovieID, MovieName, Price, LanguageID, DirectorID, LocationID, GenreID, RatingID, ReleaseDate) values (349, 'Saludos Amigos', '55.98', 9, 13, 13, 3, 4, '11/13/2011');
insert into Movie (MovieID, MovieName, Price, LanguageID, DirectorID, LocationID, GenreID, RatingID, ReleaseDate) values (471, 'My Life', '96.24', 9, 1, 8, 8, 6, '06/14/1936');
insert into Movie (MovieID, MovieName, Price, LanguageID, DirectorID, LocationID, GenreID, RatingID, ReleaseDate) values (310, 'Sofia''s Last Ambulance (Poslednaka lineika na Sofia)', '67.33', 2, 18, 15, 1, 1, '11/16/1921');
insert into Movie (MovieID, MovieName, Price, LanguageID, DirectorID, LocationID, GenreID, RatingID, ReleaseDate) values (46, 'Tunnel Rats (1968 Tunnel Rats)', '95.83', 5, 19, 14, 14, 16, '01/05/1963');
insert into Movie (MovieID, MovieName, Price, LanguageID, DirectorID, LocationID, GenreID, RatingID, ReleaseDate) values (301, 'Go', '78.09', 6, 12, 14, 10, 7, '08/22/1977');
insert into Movie (MovieID, MovieName, Price, LanguageID, DirectorID, LocationID, GenreID, RatingID, ReleaseDate) values (211, 'Forever Yours (Ikuisesti sinun)', '63.25', 6, 9, 4, 9, 8, '02/29/1980');
insert into Movie (MovieID, MovieName, Price, LanguageID, DirectorID, LocationID, GenreID, RatingID, ReleaseDate) values (263, 'September', '91.07', 1, 16, 13, 3, 9, '05/09/1984');
insert into Movie (MovieID, MovieName, Price, LanguageID, DirectorID, LocationID, GenreID, RatingID, ReleaseDate) values (324, 'Last Mogul, The', '69.97', 9, 20, 8, 17, 24, '02/27/1943');
insert into Movie (MovieID, MovieName, Price, LanguageID, DirectorID, LocationID, GenreID, RatingID, ReleaseDate) values (418, 'Secret Lives of Dentists, The', '66.07', 1, 16, 2, 10, 14, '06/14/1942');
insert into Movie (MovieID, MovieName, Price, LanguageID, DirectorID, LocationID, GenreID, RatingID, ReleaseDate) values (337, 'Creation of the Humanoids, The', '80.64', 10, 22, 7, 8, 21, '12/03/2004');
insert into Movie (MovieID, MovieName, Price, LanguageID, DirectorID, LocationID, GenreID, RatingID, ReleaseDate) values (39, 'Day, The', '45.42', 10, 11, 4, 12, 7, '03/24/1945');
insert into Movie (MovieID, MovieName, Price, LanguageID, DirectorID, LocationID, GenreID, RatingID, ReleaseDate) values (350, 'Charlie Wilson''s War', '98.51', 9, 1, 15, 8, 7, '11/28/1980');
insert into Movie (MovieID, MovieName, Price, LanguageID, DirectorID, LocationID, GenreID, RatingID, ReleaseDate) values (45, 'Heavy Metal 2000', '61.22', 9, 12, 11, 6, 10, '10/25/1956');
insert into Movie (MovieID, MovieName, Price, LanguageID, DirectorID, LocationID, GenreID, RatingID, ReleaseDate) values (325, 'I Am Bruce Lee', '94.32', 6, 12, 10, 8, 5, '06/19/1928');
insert into Movie (MovieID, MovieName, Price, LanguageID, DirectorID, LocationID, GenreID, RatingID, ReleaseDate) values (221, 'Mayor of Hell, The', '38.04', 10, 16, 20, 14, 24, '10/28/1924');
insert into Movie (MovieID, MovieName, Price, LanguageID, DirectorID, LocationID, GenreID, RatingID, ReleaseDate) values (56, 'Departures (Okuribito)', '50.89', 5, 13, 2, 16, 12, '07/11/1954');
insert into Movie (MovieID, MovieName, Price, LanguageID, DirectorID, LocationID, GenreID, RatingID, ReleaseDate) values (309, 'Snow White', '27.27', 1, 9, 19, 7, 6, '08/20/1966');
insert into Movie (MovieID, MovieName, Price, LanguageID, DirectorID, LocationID, GenreID, RatingID, ReleaseDate) values (398, 'Woman''s Face, A', '80.72', 1, 8, 13, 8, 1, '10/18/1965');
insert into Movie (MovieID, MovieName, Price, LanguageID, DirectorID, LocationID, GenreID, RatingID, ReleaseDate) values (170, 'Inhale', '58.38', 2, 20, 5, 8, 8, '12/17/2003');
insert into Movie (MovieID, MovieName, Price, LanguageID, DirectorID, LocationID, GenreID, RatingID, ReleaseDate) values (231, 'Whale Rider', '91.84', 7, 13, 10, 11, 15, '10/03/1976');
insert into Movie (MovieID, MovieName, Price, LanguageID, DirectorID, LocationID, GenreID, RatingID, ReleaseDate) values (40, 'Shame (Skammen)', '42.36', 1, 17, 15, 17, 21, '09/09/1909');
insert into Movie (MovieID, MovieName, Price, LanguageID, DirectorID, LocationID, GenreID, RatingID, ReleaseDate) values (60, 'Grateful Dawg', '54.06', 8, 2, 11, 10, 16, '08/18/1953');
insert into Movie (MovieID, MovieName, Price, LanguageID, DirectorID, LocationID, GenreID, RatingID, ReleaseDate) values (326, 'Always Leave Them Laughing', '61.20', 7, 1, 16, 5, 20, '04/06/1961');
insert into Movie (MovieID, MovieName, Price, LanguageID, DirectorID, LocationID, GenreID, RatingID, ReleaseDate) values (137, 'Atomic Twister', '56.63', 2, 11, 13, 1, 18, '10/14/1984');
insert into Movie (MovieID, MovieName, Price, LanguageID, DirectorID, LocationID, GenreID, RatingID, ReleaseDate) values (248, 'Beyond Re-Animator', '41.61', 9, 21, 13, 12, 10, '08/17/1906');
insert into Movie (MovieID, MovieName, Price, LanguageID, DirectorID, LocationID, GenreID, RatingID, ReleaseDate) values (352, 'Otakus in Love', '48.12', 5, 1, 3, 14, 22, '01/01/1955');
insert into Movie (MovieID, MovieName, Price, LanguageID, DirectorID, LocationID, GenreID, RatingID, ReleaseDate) values (102, 'Marvin''s Room', '48.39', 10, 22, 4, 4, 6, '02/08/1950');
insert into Movie (MovieID, MovieName, Price, LanguageID, DirectorID, LocationID, GenreID, RatingID, ReleaseDate) values (26, 'Dream Boy', '40.72', 5, 1, 7, 13, 22, '07/14/1930');
insert into Movie (MovieID, MovieName, Price, LanguageID, DirectorID, LocationID, GenreID, RatingID, ReleaseDate) values (364, 'Sky High', '80.94', 6, 11, 7, 7, 13, '08/04/1974');
insert into Movie (MovieID, MovieName, Price, LanguageID, DirectorID, LocationID, GenreID, RatingID, ReleaseDate) values (7, 'Come and See (Idi i smotri)', '38.97', 8, 11, 18, 15, 23, '02/26/2001');
insert into Movie (MovieID, MovieName, Price, LanguageID, DirectorID, LocationID, GenreID, RatingID, ReleaseDate) values (26, 'Post Tenebras Lux', '32.86', 9, 18, 15, 2, 21, '01/20/1908');
insert into Movie (MovieID, MovieName, Price, LanguageID, DirectorID, LocationID, GenreID, RatingID, ReleaseDate) values (229, 'Lunacy (Sílení)', '85.47', 4, 7, 5, 12, 22, '07/17/1931');
insert into Movie (MovieID, MovieName, Price, LanguageID, DirectorID, LocationID, GenreID, RatingID, ReleaseDate) values (432, 'Unholy', '79.83', 1, 22, 20, 12, 14, '05/22/1936');
insert into Movie (MovieID, MovieName, Price, LanguageID, DirectorID, LocationID, GenreID, RatingID, ReleaseDate) values (186, 'Shadows of Our Forgotten Ancestors (Tini zabutykh predkiv)', '56.84', 10, 16, 16, 13, 24, '11/16/1931');
insert into Movie (MovieID, MovieName, Price, LanguageID, DirectorID, LocationID, GenreID, RatingID, ReleaseDate) values (249, 'London Paris New York', '40.42', 8, 13, 3, 9, 23, '09/15/1967');
insert into Movie (MovieID, MovieName, Price, LanguageID, DirectorID, LocationID, GenreID, RatingID, ReleaseDate) values (4, 'White House Down', '34.58', 5, 14, 7, 17, 11, '10/15/1953');
insert into Movie (MovieID, MovieName, Price, LanguageID, DirectorID, LocationID, GenreID, RatingID, ReleaseDate) values (299, 'Curse of the Puppet Master (Puppet Master 6: The Curse)', '64.56', 1, 8, 19, 9, 6, '07/01/1906');
insert into Movie (MovieID, MovieName, Price, LanguageID, DirectorID, LocationID, GenreID, RatingID, ReleaseDate) values (46, 'Green Room, The (a.k.a. Vanishing Fiancee) (La chambre verte)', '68.48', 2, 4, 5, 9, 4, '09/24/1911');
insert into Movie (MovieID, MovieName, Price, LanguageID, DirectorID, LocationID, GenreID, RatingID, ReleaseDate) values (426, 'Bobby Jones, Stroke of Genius', '95.09', 8, 17, 15, 6, 3, '11/09/1930');
insert into Movie (MovieID, MovieName, Price, LanguageID, DirectorID, LocationID, GenreID, RatingID, ReleaseDate) values (149, 'Home of Our Own, A', '58.68', 7, 18, 3, 2, 13, '04/02/1914');
insert into Movie (MovieID, MovieName, Price, LanguageID, DirectorID, LocationID, GenreID, RatingID, ReleaseDate) values (1, 'Atomic Cafe, The', '83.07', 8, 10, 18, 10, 5, '02/10/1917');
insert into Movie (MovieID, MovieName, Price, LanguageID, DirectorID, LocationID, GenreID, RatingID, ReleaseDate) values (414, 'Tidal Wave', '97.37', 3, 9, 12, 10, 16, '10/01/1937');
insert into Movie (MovieID, MovieName, Price, LanguageID, DirectorID, LocationID, GenreID, RatingID, ReleaseDate) values (185, 'Teen Wolf', '91.40', 3, 12, 20, 17, 25, '03/14/1978');
insert into Movie (MovieID, MovieName, Price, LanguageID, DirectorID, LocationID, GenreID, RatingID, ReleaseDate) values (442, 'Honest Liar, An', '68.71', 8, 4, 4, 17, 24, '07/30/2001');
insert into Movie (MovieID, MovieName, Price, LanguageID, DirectorID, LocationID, GenreID, RatingID, ReleaseDate) values (359, 'Flight 93', '50.06', 8, 10, 8, 6, 15, '11/22/1909');
insert into Movie (MovieID, MovieName, Price, LanguageID, DirectorID, LocationID, GenreID, RatingID, ReleaseDate) values (452, 'Mummy, The', '60.19', 3, 9, 8, 4, 10, '02/11/1955');
insert into Movie (MovieID, MovieName, Price, LanguageID, DirectorID, LocationID, GenreID, RatingID, ReleaseDate) values (386, 'Koyaanisqatsi (a.k.a. Koyaanisqatsi: Life Out of Balance)', '25.23', 8, 3, 18, 1, 18, '09/05/1936');
insert into Movie (MovieID, MovieName, Price, LanguageID, DirectorID, LocationID, GenreID, RatingID, ReleaseDate) values (30, 'Strangers, The', '43.18', 7, 22, 8, 9, 7, '03/27/1907');
insert into Movie (MovieID, MovieName, Price, LanguageID, DirectorID, LocationID, GenreID, RatingID, ReleaseDate) values (420, 'Sorrow and Joy (Sorg og glæde)', '58.16', 4, 8, 10, 10, 10, '07/14/1919');
insert into Movie (MovieID, MovieName, Price, LanguageID, DirectorID, LocationID, GenreID, RatingID, ReleaseDate) values (299, 'Cowboys, The', '49.31', 7, 14, 14, 16, 18, '10/25/1953');
insert into Movie (MovieID, MovieName, Price, LanguageID, DirectorID, LocationID, GenreID, RatingID, ReleaseDate) values (433, 'Venus in Fur (La Vénus à la fourrure)', '20.04', 8, 17, 17, 3, 9, '08/28/1989');
insert into Movie (MovieID, MovieName, Price, LanguageID, DirectorID, LocationID, GenreID, RatingID, ReleaseDate) values (321, 'Origin: Spirits of the Past (Gin-iro no kami no Agito)', '32.22', 10, 9, 13, 3, 10, '07/19/2011');
insert into Movie (MovieID, MovieName, Price, LanguageID, DirectorID, LocationID, GenreID, RatingID, ReleaseDate) values (410, 'Full Moon in Paris (Les nuits de la pleine lune)', '66.48', 8, 22, 14, 10, 13, '04/22/1919');
insert into Movie (MovieID, MovieName, Price, LanguageID, DirectorID, LocationID, GenreID, RatingID, ReleaseDate) values (197, 'Dickson Experimental Sound Film', '80.12', 8, 22, 5, 2, 19, '10/03/2000');
insert into Movie (MovieID, MovieName, Price, LanguageID, DirectorID, LocationID, GenreID, RatingID, ReleaseDate) values (285, 'Friday Night Lights', '83.57', 1, 15, 20, 9, 6, '12/05/1906');
insert into Movie (MovieID, MovieName, Price, LanguageID, DirectorID, LocationID, GenreID, RatingID, ReleaseDate) values (85, 'Hi Diddle Diddle', '83.79', 4, 8, 19, 11, 2, '09/05/1948');
insert into Movie (MovieID, MovieName, Price, LanguageID, DirectorID, LocationID, GenreID, RatingID, ReleaseDate) values (348, 'Dr. Giggles', '52.94', 10, 12, 6, 11, 11, '12/07/1936');
insert into Movie (MovieID, MovieName, Price, LanguageID, DirectorID, LocationID, GenreID, RatingID, ReleaseDate) values (88, 'Japanese Girls at the Harbor (Minato no nihon musume)', '65.33', 10, 8, 4, 16, 15, '03/22/2005');
insert into Movie (MovieID, MovieName, Price, LanguageID, DirectorID, LocationID, GenreID, RatingID, ReleaseDate) values (285, 'Upstairs and Downstairs', '30.31', 2, 8, 15, 2, 5, '08/29/2013');
insert into Movie (MovieID, MovieName, Price, LanguageID, DirectorID, LocationID, GenreID, RatingID, ReleaseDate) values (206, 'Babylon 5: The Gathering', '55.27', 3, 19, 14, 12, 7, '10/16/2011');
insert into Movie (MovieID, MovieName, Price, LanguageID, DirectorID, LocationID, GenreID, RatingID, ReleaseDate) values (285, 'Blood Runs Cold', '53.20', 4, 15, 12, 9, 3, '06/15/2009');
insert into Movie (MovieID, MovieName, Price, LanguageID, DirectorID, LocationID, GenreID, RatingID, ReleaseDate) values (52, 'Westward the Women', '30.85', 2, 16, 14, 13, 23, '04/16/1934');
insert into Movie (MovieID, MovieName, Price, LanguageID, DirectorID, LocationID, GenreID, RatingID, ReleaseDate) values (469, 'Extraordinary Measures', '41.79', 7, 14, 14, 6, 5, '03/29/1930');
insert into Movie (MovieID, MovieName, Price, LanguageID, DirectorID, LocationID, GenreID, RatingID, ReleaseDate) values (489, 'Times of Harvey Milk, The', '99.36', 4, 3, 3, 7, 19, '01/12/1977');
insert into Movie (MovieID, MovieName, Price, LanguageID, DirectorID, LocationID, GenreID, RatingID, ReleaseDate) values (429, 'Olsen Gang on the Track, The (Olsen-banden på sporet)', '65.41', 3, 14, 10, 7, 17, '08/08/1980');
insert into Movie (MovieID, MovieName, Price, LanguageID, DirectorID, LocationID, GenreID, RatingID, ReleaseDate) values (479, 'Marathon Family, The (Maratonci Trce Pocasni Krug)', '23.56', 2, 21, 14, 9, 19, '09/14/2009');
insert into Movie (MovieID, MovieName, Price, LanguageID, DirectorID, LocationID, GenreID, RatingID, ReleaseDate) values (49, 'Bestseller (Be-seu-teu-sel-leo)', '24.03', 2, 14, 15, 16, 18, '10/09/2009');
insert into Movie (MovieID, MovieName, Price, LanguageID, DirectorID, LocationID, GenreID, RatingID, ReleaseDate) values (377, 'Support Your Local Gunfighter', '83.71', 7, 7, 14, 8, 17, '07/25/1963');
insert into Movie (MovieID, MovieName, Price, LanguageID, DirectorID, LocationID, GenreID, RatingID, ReleaseDate) values (257, 'Formosa Betrayed', '28.87', 10, 10, 8, 3, 16, '01/24/1954');
insert into Movie (MovieID, MovieName, Price, LanguageID, DirectorID, LocationID, GenreID, RatingID, ReleaseDate) values (325, 'Return of the Musketeers, The', '96.76', 3, 1, 17, 5, 15, '09/26/1941');
insert into Movie (MovieID, MovieName, Price, LanguageID, DirectorID, LocationID, GenreID, RatingID, ReleaseDate) values (319, 'Pekko ja unissakävelijä', '80.45', 1, 12, 17, 1, 4, '08/31/1922');
insert into Movie (MovieID, MovieName, Price, LanguageID, DirectorID, LocationID, GenreID, RatingID, ReleaseDate) values (291, 'Wrecked', '96.09', 3, 2, 5, 11, 25, '03/27/1903');
insert into Movie (MovieID, MovieName, Price, LanguageID, DirectorID, LocationID, GenreID, RatingID, ReleaseDate) values (312, 'Presto', '33.26', 5, 7, 20, 6, 24, '08/09/1966');
insert into Movie (MovieID, MovieName, Price, LanguageID, DirectorID, LocationID, GenreID, RatingID, ReleaseDate) values (326, 'The Hire: Powder Keg', '40.46', 5, 5, 12, 8, 1, '01/29/2017');
insert into Movie (MovieID, MovieName, Price, LanguageID, DirectorID, LocationID, GenreID, RatingID, ReleaseDate) values (421, 'Country Girl, The', '98.64', 2, 22, 5, 17, 24, '02/05/1966');
insert into Movie (MovieID, MovieName, Price, LanguageID, DirectorID, LocationID, GenreID, RatingID, ReleaseDate) values (124, 'Unknown, The (a.k.a. Alonzo the Armless)', '99.78', 3, 16, 14, 3, 4, '08/01/1980');
insert into Movie (MovieID, MovieName, Price, LanguageID, DirectorID, LocationID, GenreID, RatingID, ReleaseDate) values (486, 'Elvis and Anabelle', '93.95', 6, 10, 13, 17, 22, '11/02/2002');
insert into Movie (MovieID, MovieName, Price, LanguageID, DirectorID, LocationID, GenreID, RatingID, ReleaseDate) values (325, '12 Days of Terror', '33.88', 7, 4, 17, 16, 17, '09/01/1917');
insert into Movie (MovieID, MovieName, Price, LanguageID, DirectorID, LocationID, GenreID, RatingID, ReleaseDate) values (134, 'Life and Times of Hank Greenberg, The', '54.53', 5, 1, 9, 11, 17, '11/01/2012');
insert into Movie (MovieID, MovieName, Price, LanguageID, DirectorID, LocationID, GenreID, RatingID, ReleaseDate) values (469, 'Mostly Unfabulous Social Life of Ethan Green, The', '52.09', 6, 1, 10, 3, 6, '10/01/1981');
insert into Movie (MovieID, MovieName, Price, LanguageID, DirectorID, LocationID, GenreID, RatingID, ReleaseDate) values (108, 'Donovan''s Brain', '23.49', 9, 19, 20, 1, 25, '07/21/2007');
insert into Movie (MovieID, MovieName, Price, LanguageID, DirectorID, LocationID, GenreID, RatingID, ReleaseDate) values (174, 'Scarlet Pimpernel, The', '75.36', 1, 4, 6, 8, 20, '11/28/1977');
insert into Movie (MovieID, MovieName, Price, LanguageID, DirectorID, LocationID, GenreID, RatingID, ReleaseDate) values (335, 'Mann tut was Mann kann', '53.68', 6, 6, 3, 10, 4, '01/18/1998');
insert into Movie (MovieID, MovieName, Price, LanguageID, DirectorID, LocationID, GenreID, RatingID, ReleaseDate) values (231, 'Brokeback Mountain', '72.41', 7, 11, 8, 7, 25, '08/05/1960');
insert into Movie (MovieID, MovieName, Price, LanguageID, DirectorID, LocationID, GenreID, RatingID, ReleaseDate) values (372, 'Letting Go of God', '37.40', 5, 5, 9, 3, 2, '06/19/1910');
insert into Movie (MovieID, MovieName, Price, LanguageID, DirectorID, LocationID, GenreID, RatingID, ReleaseDate) values (155, 'Born to Raise Hell', '80.06', 4, 22, 17, 11, 22, '03/29/1905');
insert into Movie (MovieID, MovieName, Price, LanguageID, DirectorID, LocationID, GenreID, RatingID, ReleaseDate) values (25, 'Adventures of Tom Sawyer, The', '75.78', 4, 12, 9, 5, 10, '12/30/1903');
insert into Movie (MovieID, MovieName, Price, LanguageID, DirectorID, LocationID, GenreID, RatingID, ReleaseDate) values (66, 'Incantato (Il cuore altrove)', '34.89', 8, 9, 1, 3, 23, '02/18/1953');
insert into Movie (MovieID, MovieName, Price, LanguageID, DirectorID, LocationID, GenreID, RatingID, ReleaseDate) values (190, 'Way South, The (De weg naar het zuiden)', '70.75', 1, 13, 14, 13, 2, '09/08/1971');
insert into Movie (MovieID, MovieName, Price, LanguageID, DirectorID, LocationID, GenreID, RatingID, ReleaseDate) values (345, 'Transporter 3', '93.94', 6, 14, 12, 17, 6, '08/24/1964');
insert into Movie (MovieID, MovieName, Price, LanguageID, DirectorID, LocationID, GenreID, RatingID, ReleaseDate) values (85, 'Holding Trevor', '77.00', 10, 16, 18, 14, 6, '06/10/1958');
insert into Movie (MovieID, MovieName, Price, LanguageID, DirectorID, LocationID, GenreID, RatingID, ReleaseDate) values (257, 'Skippy', '96.50', 2, 7, 15, 6, 20, '03/30/1940');
insert into Movie (MovieID, MovieName, Price, LanguageID, DirectorID, LocationID, GenreID, RatingID, ReleaseDate) values (263, 'Safe House', '76.11', 3, 14, 4, 11, 12, '04/27/1951');
insert into Movie (MovieID, MovieName, Price, LanguageID, DirectorID, LocationID, GenreID, RatingID, ReleaseDate) values (384, 'Jetsons: The Movie', '69.50', 5, 6, 8, 7, 16, '06/17/2014');
insert into Movie (MovieID, MovieName, Price, LanguageID, DirectorID, LocationID, GenreID, RatingID, ReleaseDate) values (225, 'Bowling for Columbine', '70.20', 8, 17, 4, 16, 19, '05/10/1927');
insert into Movie (MovieID, MovieName, Price, LanguageID, DirectorID, LocationID, GenreID, RatingID, ReleaseDate) values (303, 'Hollywood Between Paranoia and Sci-Fi. The Power of Myth', '23.85', 1, 18, 4, 10, 8, '02/10/2001');
insert into Movie (MovieID, MovieName, Price, LanguageID, DirectorID, LocationID, GenreID, RatingID, ReleaseDate) values (459, 'I Dream Too Much', '81.83', 9, 14, 11, 8, 6, '12/02/1974');
insert into Movie (MovieID, MovieName, Price, LanguageID, DirectorID, LocationID, GenreID, RatingID, ReleaseDate) values (131, 'Hillsborough', '52.31', 6, 10, 14, 14, 12, '09/30/1932');
insert into Movie (MovieID, MovieName, Price, LanguageID, DirectorID, LocationID, GenreID, RatingID, ReleaseDate) values (32, 'Last Frontier, The', '32.67', 3, 4, 7, 16, 6, '11/17/1974');
insert into Movie (MovieID, MovieName, Price, LanguageID, DirectorID, LocationID, GenreID, RatingID, ReleaseDate) values (74, 'La Belle Verte', '95.29', 7, 1, 2, 4, 17, '01/07/1912');
insert into Movie (MovieID, MovieName, Price, LanguageID, DirectorID, LocationID, GenreID, RatingID, ReleaseDate) values (413, 'Abbott and Costello Meet the Killer, Boris Karloff', '70.84', 8, 22, 19, 12, 17, '11/06/2003');
insert into Movie (MovieID, MovieName, Price, LanguageID, DirectorID, LocationID, GenreID, RatingID, ReleaseDate) values (204, 'The Butter Battle Book', '36.29', 1, 3, 17, 1, 16, '08/09/1920');
insert into Movie (MovieID, MovieName, Price, LanguageID, DirectorID, LocationID, GenreID, RatingID, ReleaseDate) values (15, 'Slasher House', '95.17', 4, 16, 17, 1, 14, '07/25/1932');
insert into Movie (MovieID, MovieName, Price, LanguageID, DirectorID, LocationID, GenreID, RatingID, ReleaseDate) values (116, 'Search for the Beast', '21.06', 6, 19, 10, 6, 18, '08/28/2010');
insert into Movie (MovieID, MovieName, Price, LanguageID, DirectorID, LocationID, GenreID, RatingID, ReleaseDate) values (15, 'Stephanie Daley', '83.86', 2, 3, 5, 4, 6, '04/15/1925');
insert into Movie (MovieID, MovieName, Price, LanguageID, DirectorID, LocationID, GenreID, RatingID, ReleaseDate) values (439, 'Devil''s Due', '59.77', 2, 4, 5, 17, 5, '02/04/1933');
insert into Movie (MovieID, MovieName, Price, LanguageID, DirectorID, LocationID, GenreID, RatingID, ReleaseDate) values (389, 'Donkey Punch', '64.45', 9, 16, 18, 2, 3, '10/04/1985');
insert into Movie (MovieID, MovieName, Price, LanguageID, DirectorID, LocationID, GenreID, RatingID, ReleaseDate) values (448, 'Miracle of Bern, The (Wunder von Bern, Das)', '66.02', 10, 11, 13, 4, 17, '05/20/1991');
insert into Movie (MovieID, MovieName, Price, LanguageID, DirectorID, LocationID, GenreID, RatingID, ReleaseDate) values (234, 'Bridges of Madison County, The', '52.91', 1, 10, 18, 5, 14, '10/11/1929');
insert into Movie (MovieID, MovieName, Price, LanguageID, DirectorID, LocationID, GenreID, RatingID, ReleaseDate) values (349, 'From Morn to Midnight (Von morgens bis Mitternacht)', '77.23', 5, 3, 18, 4, 2, '11/17/1999');
insert into Movie (MovieID, MovieName, Price, LanguageID, DirectorID, LocationID, GenreID, RatingID, ReleaseDate) values (478, 'Mr. Troop Mom', '73.12', 6, 2, 5, 12, 12, '11/02/1943');
insert into Movie (MovieID, MovieName, Price, LanguageID, DirectorID, LocationID, GenreID, RatingID, ReleaseDate) values (333, 'Rehearsals for Extinct Anatomies', '77.01', 2, 19, 14, 1, 1, '03/19/1943');
insert into Movie (MovieID, MovieName, Price, LanguageID, DirectorID, LocationID, GenreID, RatingID, ReleaseDate) values (137, '1000 Eyes of Dr. Mabuse, The (Die 1000 Augen des Dr. Mabuse)', '97.59', 3, 21, 6, 2, 12, '12/13/1921');
insert into Movie (MovieID, MovieName, Price, LanguageID, DirectorID, LocationID, GenreID, RatingID, ReleaseDate) values (28, 'Happiest Girl in the World, The (Cea mai fericita fata din lume)', '37.77', 8, 1, 8, 13, 19, '07/03/1943');
insert into Movie (MovieID, MovieName, Price, LanguageID, DirectorID, LocationID, GenreID, RatingID, ReleaseDate) values (305, 'Big Tease, The', '31.32', 6, 7, 13, 2, 4, '09/22/1986');
insert into Movie (MovieID, MovieName, Price, LanguageID, DirectorID, LocationID, GenreID, RatingID, ReleaseDate) values (59, 'Trans', '83.88', 9, 20, 15, 10, 22, '02/06/1925');
insert into Movie (MovieID, MovieName, Price, LanguageID, DirectorID, LocationID, GenreID, RatingID, ReleaseDate) values (309, 'Stone Left Unturned, A (Kovat miehet)', '41.98', 5, 9, 2, 10, 1, '12/04/1927');
insert into Movie (MovieID, MovieName, Price, LanguageID, DirectorID, LocationID, GenreID, RatingID, ReleaseDate) values (193, 'Silent Souls (Ovsyanki)', '22.64', 4, 21, 5, 10, 16, '02/25/1969');
insert into Movie (MovieID, MovieName, Price, LanguageID, DirectorID, LocationID, GenreID, RatingID, ReleaseDate) values (50, 'Emperor Jones, The', '79.81', 5, 10, 5, 17, 10, '09/28/1994');
insert into Movie (MovieID, MovieName, Price, LanguageID, DirectorID, LocationID, GenreID, RatingID, ReleaseDate) values (469, 'Shenandoah', '30.21', 3, 3, 10, 5, 11, '05/11/1969');
insert into Movie (MovieID, MovieName, Price, LanguageID, DirectorID, LocationID, GenreID, RatingID, ReleaseDate) values (101, 'Hide in Plain Sight', '76.06', 9, 3, 3, 8, 22, '07/30/1917');
insert into Movie (MovieID, MovieName, Price, LanguageID, DirectorID, LocationID, GenreID, RatingID, ReleaseDate) values (328, 'To Be King (Koning van Katoren)', '49.51', 6, 5, 7, 16, 4, '12/08/2006');
insert into Movie (MovieID, MovieName, Price, LanguageID, DirectorID, LocationID, GenreID, RatingID, ReleaseDate) values (209, 'Lookin'' to Get Out', '21.62', 9, 11, 7, 1, 18, '10/08/1900');
insert into Movie (MovieID, MovieName, Price, LanguageID, DirectorID, LocationID, GenreID, RatingID, ReleaseDate) values (78, 'Big Sur', '49.43', 6, 22, 6, 14, 16, '12/06/1993');
insert into Movie (MovieID, MovieName, Price, LanguageID, DirectorID, LocationID, GenreID, RatingID, ReleaseDate) values (406, 'Winter Break', '91.26', 2, 14, 6, 4, 23, '06/02/1911');
insert into Movie (MovieID, MovieName, Price, LanguageID, DirectorID, LocationID, GenreID, RatingID, ReleaseDate) values (210, 'Bikini Spring Break (Revenge of the Nerds'' Bikini Spring Break)', '34.20', 8, 7, 5, 6, 7, '03/29/2015');
insert into Movie (MovieID, MovieName, Price, LanguageID, DirectorID, LocationID, GenreID, RatingID, ReleaseDate) values (208, 'I Dream Too Much', '91.12', 6, 16, 15, 5, 17, '10/30/2003');
insert into Movie (MovieID, MovieName, Price, LanguageID, DirectorID, LocationID, GenreID, RatingID, ReleaseDate) values (365, 'Poltergeist', '94.05', 2, 22, 19, 12, 18, '02/23/1989');
insert into Movie (MovieID, MovieName, Price, LanguageID, DirectorID, LocationID, GenreID, RatingID, ReleaseDate) values (142, 'For Ever Mozart', '26.91', 9, 1, 8, 4, 10, '05/21/2018');
insert into Movie (MovieID, MovieName, Price, LanguageID, DirectorID, LocationID, GenreID, RatingID, ReleaseDate) values (240, 'Wildcats', '42.77', 9, 21, 11, 15, 11, '11/09/1975');
insert into Movie (MovieID, MovieName, Price, LanguageID, DirectorID, LocationID, GenreID, RatingID, ReleaseDate) values (316, 'Santa Fe', '38.96', 4, 19, 4, 11, 18, '10/30/1919');
insert into Movie (MovieID, MovieName, Price, LanguageID, DirectorID, LocationID, GenreID, RatingID, ReleaseDate) values (341, 'Idiot, The (Hakuchi)', '31.56', 3, 9, 6, 3, 12, '01/11/1906');
insert into Movie (MovieID, MovieName, Price, LanguageID, DirectorID, LocationID, GenreID, RatingID, ReleaseDate) values (138, 'Cave of the Yellow Dog, The', '68.22', 2, 15, 1, 17, 20, '04/02/1917');
insert into Movie (MovieID, MovieName, Price, LanguageID, DirectorID, LocationID, GenreID, RatingID, ReleaseDate) values (265, 'Love Me No More (Deux jours à tuer)', '92.03', 1, 3, 11, 14, 24, '07/17/1947');
insert into Movie (MovieID, MovieName, Price, LanguageID, DirectorID, LocationID, GenreID, RatingID, ReleaseDate) values (319, 'Julia', '83.67', 6, 13, 7, 17, 19, '03/20/1969');
insert into Movie (MovieID, MovieName, Price, LanguageID, DirectorID, LocationID, GenreID, RatingID, ReleaseDate) values (374, 'Sorcerer''s Apprentice, The', '95.84', 7, 20, 20, 14, 3, '10/18/2018');
insert into Movie (MovieID, MovieName, Price, LanguageID, DirectorID, LocationID, GenreID, RatingID, ReleaseDate) values (252, 'She and Her Cat (Kanojo to kanojo no neko)', '83.88', 8, 8, 3, 12, 22, '10/30/2011');
insert into Movie (MovieID, MovieName, Price, LanguageID, DirectorID, LocationID, GenreID, RatingID, ReleaseDate) values (136, 'Gold', '54.20', 1, 21, 3, 14, 16, '03/17/2004');
insert into Movie (MovieID, MovieName, Price, LanguageID, DirectorID, LocationID, GenreID, RatingID, ReleaseDate) values (5, 'Body Snatcher, The', '89.94', 4, 13, 9, 2, 3, '11/12/2009');
insert into Movie (MovieID, MovieName, Price, LanguageID, DirectorID, LocationID, GenreID, RatingID, ReleaseDate) values (76, 'A Night at the Movies: The Horrors of Stephen King', '24.34', 10, 4, 19, 9, 11, '01/30/1950');
insert into Movie (MovieID, MovieName, Price, LanguageID, DirectorID, LocationID, GenreID, RatingID, ReleaseDate) values (227, 'Double, Double, Toil and Trouble', '45.99', 3, 2, 17, 14, 6, '07/18/1920');
insert into Movie (MovieID, MovieName, Price, LanguageID, DirectorID, LocationID, GenreID, RatingID, ReleaseDate) values (54, 'Cedar Rapids', '96.76', 9, 4, 3, 7, 9, '11/05/1968');
insert into Movie (MovieID, MovieName, Price, LanguageID, DirectorID, LocationID, GenreID, RatingID, ReleaseDate) values (261, 'Open Season 3', '37.96', 7, 19, 2, 9, 13, '11/20/2015');
insert into Movie (MovieID, MovieName, Price, LanguageID, DirectorID, LocationID, GenreID, RatingID, ReleaseDate) values (496, 'Nobody Else But You (Poupoupidou)', '23.77', 3, 16, 19, 11, 20, '09/21/1903');
insert into Movie (MovieID, MovieName, Price, LanguageID, DirectorID, LocationID, GenreID, RatingID, ReleaseDate) values (290, 'Toast of New York, The', '57.07', 3, 6, 5, 11, 11, '12/24/1942');
insert into Movie (MovieID, MovieName, Price, LanguageID, DirectorID, LocationID, GenreID, RatingID, ReleaseDate) values (287, 'Gorillas in the Mist', '29.84', 6, 5, 3, 2, 12, '10/15/2014');
insert into Movie (MovieID, MovieName, Price, LanguageID, DirectorID, LocationID, GenreID, RatingID, ReleaseDate) values (182, 'Faith School Menace?', '91.43', 7, 22, 19, 6, 21, '03/04/2017');
insert into Movie (MovieID, MovieName, Price, LanguageID, DirectorID, LocationID, GenreID, RatingID, ReleaseDate) values (373, 'Thrushes Are Still Singing, The (Ta kourelia tragoudane akoma...)', '78.09', 10, 11, 15, 16, 6, '05/17/2017');
insert into Movie (MovieID, MovieName, Price, LanguageID, DirectorID, LocationID, GenreID, RatingID, ReleaseDate) values (317, 'Agony and the Ecstasy, The', '27.70', 7, 18, 9, 6, 16, '10/05/1922');




UPDATE [dbo].[Movie]
   SET 
      [LocationID] = 1

 WHERE [MovieName] in ('Criminal Code', 'The Daughter of the Nile (Ni luo he nu er)','Oklahoma!','White House Down','Body Snatcher,The',
 'Come and See (Idi i smotri)','Come and See (Idi i smotri)','Horse Rebellion, The (Pulakapina)','Cry_Wolf (a.k.a. Cry Wolf)','Tunes of Glory',
 'Don''t Go In the Woods','Matrix Revolutions, The','Bhaji on the Beach','Sum of All Fears, The','Adventures of Tom Sawyer, The','Dream Boy',
 'Outside Man, The (Un homme est mort)','Guy Named Joe, A','Foosball (Metegol)','Last Frontier, The','Evelyn Prentice','Day, The','Shame (Skammen)')
GO

---------------------------------------------------------insert command for Acts table ---------------------------------------------------------------


INSERT INTO Acts VALUES (1,1)
INSERT INTO Acts VALUES (2,2)
INSERT INTO Acts VALUES (3,3)
INSERT INTO Acts VALUES (4,4)
INSERT INTO Acts VALUES (5,5)
INSERT INTO Acts VALUES (6,7)
INSERT INTO Acts VALUES (7,11)
INSERT INTO Acts VALUES (8,13)
INSERT INTO Acts VALUES (9,15)
INSERT INTO Acts VALUES (10,16)
INSERT INTO Acts VALUES (11,20)
INSERT INTO Acts VALUES (12,21)
INSERT INTO Acts VALUES (13,22)
INSERT INTO Acts VALUES (14,25)
INSERT INTO Acts VALUES (15,26)
INSERT INTO Acts VALUES (16,27)
INSERT INTO Acts VALUES (17,29)
INSERT INTO Acts VALUES (18,30)
INSERT INTO Acts VALUES (19,32)
INSERT INTO Acts VALUES (20,38)
INSERT INTO Acts VALUES (45,39)
INSERT INTO Acts VALUES (34,40)
INSERT INTO Acts VALUES (13,41)
INSERT INTO Acts VALUES (37,42)
INSERT INTO Acts VALUES (24,43)
INSERT INTO Acts VALUES (27,44)
INSERT INTO Acts VALUES (46,45)
INSERT INTO Acts VALUES (19,46)
INSERT INTO Acts VALUES (6,49)
INSERT INTO Acts VALUES (9,50)
INSERT INTO Acts VALUES (10,51)
INSERT INTO Acts VALUES (16,52)
INSERT INTO Acts VALUES (12,53)
INSERT INTO Acts VALUES (19,54)
INSERT INTO Acts VALUES (39,55)
INSERT INTO Acts VALUES (24,56)
INSERT INTO Acts VALUES (21,57)
INSERT INTO Acts VALUES (20,58)
INSERT INTO Acts VALUES (48,59)
INSERT INTO Acts VALUES (13,60)
INSERT INTO Acts VALUES (18,62)
INSERT INTO Acts VALUES (20,68)
INSERT INTO Acts VALUES (10,70)
INSERT INTO Acts VALUES (30,71)
INSERT INTO Acts VALUES (40,72)
INSERT INTO Acts VALUES (1,73)
INSERT INTO Acts VALUES (2,74)
INSERT INTO Acts VALUES (3,76)
INSERT INTO Acts VALUES (4,78)
INSERT INTO Acts VALUES (5,79)
INSERT INTO Acts VALUES (6,81)
INSERT INTO Acts VALUES (7,82)
INSERT INTO Acts VALUES (8,85)
INSERT INTO Acts VALUES (9,88)
INSERT INTO Acts VALUES (10,90)
INSERT INTO Acts VALUES (11,92)
INSERT INTO Acts VALUES (12,94)
INSERT INTO Acts VALUES (13,98)
INSERT INTO Acts VALUES (14,101)
INSERT INTO Acts VALUES (15,102)
INSERT INTO Acts VALUES (16,103)
INSERT INTO Acts VALUES (17,104)
INSERT INTO Acts VALUES (18,105)
INSERT INTO Acts VALUES (19,108)
INSERT INTO Acts VALUES (20,110)
INSERT INTO Acts VALUES (21,111)
INSERT INTO Acts VALUES (22,113)
INSERT INTO Acts VALUES (23,116)
INSERT INTO Acts VALUES (24,118)
INSERT INTO Acts VALUES (25,119)
INSERT INTO Acts VALUES (26,120)
INSERT INTO Acts VALUES (27,124)
INSERT INTO Acts VALUES (28,125)
INSERT INTO Acts VALUES (30,127)
INSERT INTO Acts VALUES (30,128)
INSERT INTO Acts VALUES (31,129)
INSERT INTO Acts VALUES (32,130)
INSERT INTO Acts VALUES (33,131)
INSERT INTO Acts VALUES (34,132)
INSERT INTO Acts VALUES (35,134)
INSERT INTO Acts VALUES (36,136)
INSERT INTO Acts VALUES (37,137)
INSERT INTO Acts VALUES (38,138)
INSERT INTO Acts VALUES (39,139)
INSERT INTO Acts VALUES (40,140)
INSERT INTO Acts VALUES (41,141)
INSERT INTO Acts VALUES (42,142)
INSERT INTO Acts VALUES (43,147)
INSERT INTO Acts VALUES (44,148)
INSERT INTO Acts VALUES (45,149)
INSERT INTO Acts VALUES (46,152)
INSERT INTO Acts VALUES (47,153)
INSERT INTO Acts VALUES (48,155)
INSERT INTO Acts VALUES (49,161)
INSERT INTO Acts VALUES (50,163)
INSERT INTO Acts VALUES (51,166)
INSERT INTO Acts VALUES (52,168)
INSERT INTO Acts VALUES (53,170)
INSERT INTO Acts VALUES (10,174)
INSERT INTO Acts VALUES (11,175)
INSERT INTO Acts VALUES (12,176)
INSERT INTO Acts VALUES (13,178)
INSERT INTO Acts VALUES (14,182)
INSERT INTO Acts VALUES (15,184)
INSERT INTO Acts VALUES (16,185)
INSERT INTO Acts VALUES (17,186)
INSERT INTO Acts VALUES (18,188)
INSERT INTO Acts VALUES (19,189)
INSERT INTO Acts VALUES (20,190)
INSERT INTO Acts VALUES (21,192)
INSERT INTO Acts VALUES (22,193)
INSERT INTO Acts VALUES (23,195)
INSERT INTO Acts VALUES (24,197)
INSERT INTO Acts VALUES (25,200)
INSERT INTO Acts VALUES (26,201)
INSERT INTO Acts VALUES (27,204)
INSERT INTO Acts VALUES (28,205)
INSERT INTO Acts VALUES (49,206)
INSERT INTO Acts VALUES (1,208)
INSERT INTO Acts VALUES (2,209)
INSERT INTO Acts VALUES (3,211)
INSERT INTO Acts VALUES (4,212)
INSERT INTO Acts VALUES (5,213)
INSERT INTO Acts VALUES (6,216)
INSERT INTO Acts VALUES (7,217)
INSERT INTO Acts VALUES (8,221)
INSERT INTO Acts VALUES (9,222)
INSERT INTO Acts VALUES (40,224)
INSERT INTO Acts VALUES (41,225)
INSERT INTO Acts VALUES (42,227)
INSERT INTO Acts VALUES (43,228)
INSERT INTO Acts VALUES (44,229)
INSERT INTO Acts VALUES (45,230)
INSERT INTO Acts VALUES (46,231)
INSERT INTO Acts VALUES (47,232)
INSERT INTO Acts VALUES (48,234)
INSERT INTO Acts VALUES (49,235)
INSERT INTO Acts VALUES (30,237)
INSERT INTO Acts VALUES (31,238)
INSERT INTO Acts VALUES (32,239)
INSERT INTO Acts VALUES (33,240)
INSERT INTO Acts VALUES (34,241)
INSERT INTO Acts VALUES (35,242)
INSERT INTO Acts VALUES (36,243)
INSERT INTO Acts VALUES (37,244)
INSERT INTO Acts VALUES (38,247)
INSERT INTO Acts VALUES (39,248)
INSERT INTO Acts VALUES (1,249)
INSERT INTO Acts VALUES (2,252)
INSERT INTO Acts VALUES (3,253)
INSERT INTO Acts VALUES (4,256)
INSERT INTO Acts VALUES (5,257)
INSERT INTO Acts VALUES (6,258)
INSERT INTO Acts VALUES (7,259)
INSERT INTO Acts VALUES (8,261)
INSERT INTO Acts VALUES (9,263)
INSERT INTO Acts VALUES (10,265)
INSERT INTO Acts VALUES (40,271)
INSERT INTO Acts VALUES (41,274)
INSERT INTO Acts VALUES (42,275)
INSERT INTO Acts VALUES (43,277)
INSERT INTO Acts VALUES (44,282)
INSERT INTO Acts VALUES (45,283)
INSERT INTO Acts VALUES (46,285)
INSERT INTO Acts VALUES (47,286)
INSERT INTO Acts VALUES (48,287)
INSERT INTO Acts VALUES (49,288)
INSERT INTO Acts VALUES (20,290)
INSERT INTO Acts VALUES (21,291)
INSERT INTO Acts VALUES (22,292)
INSERT INTO Acts VALUES (23,293)
INSERT INTO Acts VALUES (24,296)
INSERT INTO Acts VALUES (25,297)
INSERT INTO Acts VALUES (26,298)
INSERT INTO Acts VALUES (27,299)
INSERT INTO Acts VALUES (28,300)
INSERT INTO Acts VALUES (9,301)
INSERT INTO Acts VALUES (30,302)
INSERT INTO Acts VALUES (31,303)
INSERT INTO Acts VALUES (32,305)
INSERT INTO Acts VALUES (33,307)
INSERT INTO Acts VALUES (34,308)
INSERT INTO Acts VALUES (35,309)
INSERT INTO Acts VALUES (36,310)
INSERT INTO Acts VALUES (37,311)
INSERT INTO Acts VALUES (38,312)
INSERT INTO Acts VALUES (39,314)
INSERT INTO Acts VALUES (50,315)
INSERT INTO Acts VALUES (51,316)
INSERT INTO Acts VALUES (52,317)
INSERT INTO Acts VALUES (53,318)
INSERT INTO Acts VALUES (20,319)
INSERT INTO Acts VALUES (21,321)
INSERT INTO Acts VALUES (22,324)
INSERT INTO Acts VALUES (23,325)
INSERT INTO Acts VALUES (24,326)
INSERT INTO Acts VALUES (25,328)
INSERT INTO Acts VALUES (26,333)
INSERT INTO Acts VALUES (27,335)
INSERT INTO Acts VALUES (28,336)
INSERT INTO Acts VALUES (19,337)
INSERT INTO Acts VALUES (40,338)
INSERT INTO Acts VALUES (41,339)
INSERT INTO Acts VALUES (42,341)
INSERT INTO Acts VALUES (43,342)
INSERT INTO Acts VALUES (44,345)
INSERT INTO Acts VALUES (45,347)
INSERT INTO Acts VALUES (46,348)
INSERT INTO Acts VALUES (47,349)
INSERT INTO Acts VALUES (48,350)
INSERT INTO Acts VALUES (49,351)
INSERT INTO Acts VALUES (50,352)
INSERT INTO Acts VALUES (51,354)
INSERT INTO Acts VALUES (52,358)
INSERT INTO Acts VALUES (53,359)
INSERT INTO Acts VALUES (1,363)
INSERT INTO Acts VALUES (2,364)
INSERT INTO Acts VALUES (3,365)
INSERT INTO Acts VALUES (4,366)
INSERT INTO Acts VALUES (5,368)
INSERT INTO Acts VALUES (6,370)
INSERT INTO Acts VALUES (7,371)
INSERT INTO Acts VALUES (8,372)
INSERT INTO Acts VALUES (9,373)
INSERT INTO Acts VALUES (10,374)
INSERT INTO Acts VALUES (30,375)
INSERT INTO Acts VALUES (31,376)
INSERT INTO Acts VALUES (32,377)
INSERT INTO Acts VALUES (33,378)
INSERT INTO Acts VALUES (34,381)
INSERT INTO Acts VALUES (35,382)
INSERT INTO Acts VALUES (36,384)
INSERT INTO Acts VALUES (37,387)
INSERT INTO Acts VALUES (38,389)
INSERT INTO Acts VALUES (39,391)
INSERT INTO Acts VALUES (40,392)
INSERT INTO Acts VALUES (41,393)
INSERT INTO Acts VALUES (42,394)
INSERT INTO Acts VALUES (43,395)
INSERT INTO Acts VALUES (44,398)
INSERT INTO Acts VALUES (45,399)
INSERT INTO Acts VALUES (46,403)
INSERT INTO Acts VALUES (47,404)
INSERT INTO Acts VALUES (48,405)
INSERT INTO Acts VALUES (49,406)
INSERT INTO Acts VALUES (50,409)
INSERT INTO Acts VALUES (51,410)
INSERT INTO Acts VALUES (52,411)
INSERT INTO Acts VALUES (53,413)
INSERT INTO Acts VALUES (1,414)
INSERT INTO Acts VALUES (2,415)
INSERT INTO Acts VALUES (3,417)
INSERT INTO Acts VALUES (4,418)
INSERT INTO Acts VALUES (5,420)
INSERT INTO Acts VALUES (6,421)
INSERT INTO Acts VALUES (7,423)
INSERT INTO Acts VALUES (8,426)
INSERT INTO Acts VALUES (9,429)
INSERT INTO Acts VALUES (10,430)
INSERT INTO Acts VALUES (11,431)
INSERT INTO Acts VALUES (12,432)
INSERT INTO Acts VALUES (13,433)
INSERT INTO Acts VALUES (14,435)
INSERT INTO Acts VALUES (15,436)
INSERT INTO Acts VALUES (16,437)
INSERT INTO Acts VALUES (17,439)
INSERT INTO Acts VALUES (18,442)
INSERT INTO Acts VALUES (19,443)
INSERT INTO Acts VALUES (20,445)
INSERT INTO Acts VALUES (11,446)
INSERT INTO Acts VALUES (12,448)
INSERT INTO Acts VALUES (13,450)
INSERT INTO Acts VALUES (14,451)
INSERT INTO Acts VALUES (15,452)
INSERT INTO Acts VALUES (16,453)
INSERT INTO Acts VALUES (17,454)
INSERT INTO Acts VALUES (18,456)
INSERT INTO Acts VALUES (19,457)
INSERT INTO Acts VALUES (20,459)
INSERT INTO Acts VALUES (30,463)
INSERT INTO Acts VALUES (31,465)
INSERT INTO Acts VALUES (32,466)
INSERT INTO Acts VALUES (33,467)
INSERT INTO Acts VALUES (34,469)
INSERT INTO Acts VALUES (35,470)
INSERT INTO Acts VALUES (36,471)
INSERT INTO Acts VALUES (37,473)
INSERT INTO Acts VALUES (38,475)
INSERT INTO Acts VALUES (39,477)
INSERT INTO Acts VALUES (40,478)
INSERT INTO Acts VALUES (10,479)
INSERT INTO Acts VALUES (11,483)
INSERT INTO Acts VALUES (12,485)
INSERT INTO Acts VALUES (13,486)
INSERT INTO Acts VALUES (14,489)
INSERT INTO Acts VALUES (15,490)
INSERT INTO Acts VALUES (16,492)
INSERT INTO Acts VALUES (17,494)
INSERT INTO Acts VALUES (18,495)
INSERT INTO Acts VALUES (19,496)
INSERT INTO Acts VALUES (38,497)
INSERT INTO Acts VALUES (43,499)

---------------------------------------------------------Column Encryption-------------------------------------------------------

alter table Customer
add SavedCards varchar(50);

update Customer 
set SavedCards='4564-5763-7748-5673'
where CustomerID = 1;

update Customer 
set SavedCards='6786-6446-7543-8634'
where CustomerID = 2;

update Customer 
set SavedCards='7654-8764-2343-8765'
where CustomerID = 3;

update Customer 
set SavedCards='8744-8643-8544-1234'
where CustomerID = 4;

update Customer 
set SavedCards='8764-9865-2345-7654'
where CustomerID = 5;

update Customer 
set SavedCards='8765-9876-2347-5677'
where CustomerID = 6;

update Customer 
set SavedCards='4578-2789-9876-2345'
where CustomerID = 7;

update Customer 
set SavedCards='4763-3456-9321-2357'
where CustomerID = 8;

update Customer 
set SavedCards='3675-6357-3783-6532'
where CustomerID = 9;

update Customer 
set SavedCards='4363-9633-7832-6423'
where CustomerID = 10;

update Customer 
set SavedCards='8733-2457-9765-9336'
where CustomerID = 11;


create Master key encryption by
Password = 'Password1'

create certificate TestCert
with subject = 'CreditCardEncrypt';
go

create symmetric key MainKey
with algorithm = AES_128
encryption by certificate TestCert;
go

use MovieRental;
GO
alter table  Customer
add SavedCard varbinary(Max) null
go

open symmetric key MainKey
Decryption by certificate TestCert

Update Customer
set SavedCard = ENCRYPTBYKEY(key_GUID('MainKey'), SavedCards);
GO



 alter table customer
 drop column SavedCards

select * from Customer


